name,href,id,area
Вторая Санкт-Петербургская гимназия,../../inostrannyie-yazyiki/vtoraya-sankt-peterburgskaya-gimnaziya/index.html,a3,admiraltejskij
"№ 278, гимназия",../../anglijskij-yazyik/278-gimnaziya/index.html,a21,admiraltejskij
"№ 263, школа с углубленным изучением английского языка",../../anglijskij-yazyik/263-shkola-s-uglublennyim-izucheniem-anglijskogo-yazyika/index.html,a17,admiraltejskij
"№ 307, школа",../../sredneobrazovatelnaya-shkola/307-shkola-bazovaya-shkola-universiteta-ekonomiki-i-finansov-bgtu-i-inzhekon/index.html,a28,admiraltejskij
"№ 281, лицей с углубленным изучением химии",../../himiya/281-litsej-s-uglublennyim-izucheniem-himii/index.html,a23,admiraltejskij
"Дипломат, частная школа",../../sredneobrazovatelnaya-shkola/diplomat-chastnaya-shkola/index.html,a33,admiraltejskij
"№ 564, школа (классы ЛНМО)",../../sredneobrazovatelnaya-shkola/564-shkola/index.html,a30,admiraltejskij
"№ 306, школа с углубленным изучением английского языка",../../anglijskij-yazyik/306-shkola-s-uglublennyim-izucheniem-anglijskogo-yazyika/index.html,a27,admiraltejskij
"№ 272, гимназия",../../sredneobrazovatelnaya-shkola/272-gimnaziya/index.html,a20,admiraltejskij
"№ 238, школа с углубленным изучением английского языка",../../anglijskij-yazyik/238-shkola-s-uglublennyim-izucheniem-anglijskogo-yazyika/index.html,a9,admiraltejskij
Школа народного искусства Императрицы Александры Федоровны (ШНИ),../../hudozhestvenno-esteticheskoe-obrazovanie/shkola-narodnogo-iskusstva-imperatritsyi-aleksandryi-fedorovnyi/index.html,a37,admiraltejskij
Средняя специальная музыкальная школа имени Н. А. Римского-Корсакова (ССМШ),../../hudozhestvenno-esteticheskoe-obrazovanie/srednyaya-spetsialnaya-muzyikalnaya-shkola-spb-gosudarstvennoj-konservatorii-im-n-a-rimskogo-korsakova-kolledzh/index.html,a1,admiraltejskij
"№ 232, школа",../../sredneobrazovatelnaya-shkola/232-shkola/index.html,a6,admiraltejskij
"№ 234, школа",../../sredneobrazovatelnaya-shkola/234-shkola/index.html,a7,admiraltejskij
Суворовское военное училище МО РФ (СВУ),../../voennoe-uchilische/suvorovskoe-voennoe-uchilische/index.html,a739,admiraltejskij
"№ 266, школа с углубленным изучением французского языка",../../frantsuzskij-yazyik/266-shkola-s-uglublennyim-izucheniem-frantsuzskogo-yazyika/index.html,a18,admiraltejskij
"№ 243, школа",../../sredneobrazovatelnaya-shkola/243-shkola/index.html,a11,admiraltejskij
"№ 286, школа (классы ЛНМО)",../../sredneobrazovatelnaya-shkola/286-shkola/index.html,a24,admiraltejskij
"№ 229, школа",../../sredneobrazovatelnaya-shkola/229-litsej/index.html,a5,admiraltejskij
"№ 241, школа",../../sredneobrazovatelnaya-shkola/241-shkola/index.html,a10,admiraltejskij
"Экспресс, школа экстернат",../../sredneobrazovatelnaya-shkola/ekspress-srednyaya-obscheobrazovatelnaya-shkola/index.html,a703,admiraltejskij
"№ 280, школа имени М. Ю. Лермонтова",../../sredneobrazovatelnaya-shkola/280-shkola-imeni-m-yu-lermontova/index.html,a22,admiraltejskij
"№ 225, школа",../../sredneobrazovatelnaya-shkola/225-shkola/index.html,a4,admiraltejskij
"№ 256, школа",../../sredneobrazovatelnaya-shkola/256-shkola/index.html,a14,admiraltejskij
"№ 267, школа",../../sredneobrazovatelnaya-shkola/267-shkola/index.html,a19,admiraltejskij
"ШКОЛА ТЕАТРА, ТЕЛЕВИДЕНИЯ И ШОУ-БИЗНЕСА (ШТТиШБ)",../../drugoe/shkola-teatra-televideniya-i-shou-biznesa/index.html,a39,admiraltejskij
"№ 255, школа - отделение дополнительного образования «Школа-творчество»",../../drugoe/255-shkola-otdelenie-dopolnitelnogo-obrazovaniya-shkola-tvorchestvo/index.html,a13,admiraltejskij
"№ 616, Центр ""Динамика"" для детей с ДЦП",../../deti-s-osobennostyami-razvitiya/616-tsentr-dinamika/index.html,a754,admiraltejskij
"№ 259, школа",../../sredneobrazovatelnaya-shkola/259-shkola/index.html,a15,admiraltejskij
"№ 260, школа",../../sredneobrazovatelnaya-shkola/260-shkola/index.html,a16,admiraltejskij
"№ 235, школа им. Д. Д. Шостаковича с углубленным изучением предметов художественно-эстетического цикла",../../hudozhestvenno-esteticheskoe-obrazovanie/235-shkola-im-d-d-shostakovicha-s-uglublennyim-izucheniem-predmetov-hudozhestvenno-esteticheskogo-tsikla/index.html,a8,admiraltejskij
"№ 317, школа",../../sredneobrazovatelnaya-shkola/317-shkola/index.html,a29,admiraltejskij
"№ 245, школа",../../sredneobrazovatelnaya-shkola/245-shkola/index.html,a12,admiraltejskij
"УСПЕХ, общеобразовательный центр",../../sredneobrazovatelnaya-shkola/uspeh-obscheobrazovatelnyij-tsentr/index.html,a35,admiraltejskij
"ЛОГОС, средняя школа",../../sredneobrazovatelnaya-shkola/logos-srednyaya-shkola/index.html,a40,admiraltejskij
"№ 288, школа",../../sredneobrazovatelnaya-shkola/288-shkola/index.html,a26,admiraltejskij
"№ 287, школа",../../sredneobrazovatelnaya-shkola/287-shkola/index.html,a25,admiraltejskij
"№ 195, центр образования",../../sredneobrazovatelnaya-shkola/195-tsentr-obrazovaniya/index.html,a762,admiraltejskij
Колледж при Санкт-Петербургском Университете Управления и Экономики (СПБУУиЭ),../../sredneobrazovatelnaya-shkola/gimnaziya-pri-sankt-peterburgskom-universitete-upravleniya-i-ekonomiki/index.html,a799,admiraltejskij
"№ 615, начальная общеобразовательная школа",../../nachalnaya-shkola/615-nachalnaya-obscheobrazovatelnaya-shkola/index.html,a31,admiraltejskij
"№ 624, начальная общеобразовательная школа - детский сад",../../nachalnaya-shkola/624-nachalnaya-obscheobrazovatelnaya-shkola-detskij-sad/index.html,a32,admiraltejskij
Бизнес-школа «ДЕЛОВАЯ ВОЛНА»,../../sredneobrazovatelnaya-shkola/biznes-shkola-delovaya-volna/index.html,a34,admiraltejskij
ШКОЛА-ПЛЮС,../../sredneobrazovatelnaya-shkola/shkola-plyus/index.html,a38,admiraltejskij
Классическая еврейская гимназия-пансион,../../sredneobrazovatelnaya-shkola/klassicheskaya-evrejskaya-gimnaziya-pansion/index.html,a42,admiraltejskij
ФРАНЦУЗСКАЯ ШКОЛА АНДРЭ МАЛЬРО в СПб,../../frantsuzskij-yazyik/frantsuzskaya-shkola-andre-malro-v-spb/index.html,a501,admiraltejskij
"№ 2, речевая школа-интернат",../../deti-s-osobennostyami-razvitiya/2-rechevaya-shkola-internat/index.html,a773,admiraltejskij
"№ 5,  коррекционная школа (V вида) для детей с нарушениями речи",../../deti-s-osobennostyami-razvitiya/5-korrektsionnaya-shkola-v-vida-dlya-detej-s-narusheniyami-rechi/index.html,a777,admiraltejskij
"№ 522, коррекционная школа (VII  вида)",../../deti-s-osobennostyami-razvitiya/-522-korrektsionnaya-shkola-vii-vida/index.html,a1094,admiraltejskij
"№ 231, специальная (коррекционная) школа (VIII вида)",../../deti-s-osobennostyami-razvitiya/-231-spetsialnaya-korrektsionnaya-shkola-viii-vida/index.html,a1097,admiraltejskij
"№ 30, физико-математический лицей",../../matematika/30-fiziko-matematicheskij-litsej/index.html,a63,vasileostrovskij
Академическая гимназия СПбГУ,../../biologiya/akademicheskaya-gimnaziya-sankt-peterburgskogo-gosudarstvennogo-universiteta-43/index.html,a43,vasileostrovskij
"№ 4, школа им. Жака-Ива Кусто с углубленным изучением французского языка",../../frantsuzskij-yazyik/4-shkola-im-zhaka-iva-kusto-s-uglublennyim-izucheniem-frantsuzskogo-yazyika/index.html,a46,vasileostrovskij
"№ 24, гимназия им. И. А. Крылова",../../sredneobrazovatelnaya-shkola/24-gimnaziya-im-i-a-kryilova/index.html,a59,vasileostrovskij
"№ 586, гимназия",../../sredneobrazovatelnaya-shkola/586-gimnaziya/index.html,a69,vasileostrovskij
"№ 18, школа с углубленным изучением математики",../../matematika/18-shkola-s-uglublennyim-izucheniem-matematiki/index.html,a56,vasileostrovskij
"№ 12, школа с углубленным изучением английского языка",../../anglijskij-yazyik/12-shkola-s-uglublennyim-izucheniem-anglijskogo-yazyika/index.html,a52,vasileostrovskij
"№ 31, школа с углубленным изучением английского языка",../../anglijskij-yazyik/31-shkola-s-uglublennyim-izucheniem-anglijskogo-yazyika/index.html,a64,vasileostrovskij
"№ 11, гимназия с углубленным изучением английского языка",../../anglijskij-yazyik/11-gimnaziya-s-uglublennyim-izucheniem-anglijskogo-yazyika/index.html,a51,vasileostrovskij
"№ 700, школа с углубленным изучением иностранных языков",../../inostrannyie-yazyiki/700-shkola-s-uglublennyim-izucheniem-inostrannyih-yazyikov/index.html,a72,vasileostrovskij
Санкт-Петербургский государственный академический художественный лицей им. Б.В.Иогансона,../../hudozhestvenno-esteticheskoe-obrazovanie/sankt-peterburgskij-gosudarstvennyij-akademicheskij-hudozhestvennyij-litsej-im-b-v-iogansona-rossijskoj-akademii-hudozhestv/index.html,a44,vasileostrovskij
"№ 29, школа с углубленным изучением французского языка и права",../../pravo/29-shkola-s-uglublennyim-izucheniem-frantsuzskogo-yazyika-i-prava/index.html,a62,vasileostrovskij
"№ 10, школа с углубленным изучением химии",../../himiya/10-shkola-s-uglublennyim-izucheniem-himii/index.html,a50,vasileostrovskij
"№ 642, гимназия «Земля и Вселенная»",../../sredneobrazovatelnaya-shkola/642-gimnaziya-zemlya-i-vselennaya/index.html,a70,vasileostrovskij
"№ 16, школа",../../sredneobrazovatelnaya-shkola/16-shkola/index.html,a54,vasileostrovskij
"№ 32, гимназия",../../sredneobrazovatelnaya-shkola/32-gimnaziya/index.html,a65,vasileostrovskij
"Центр Искусства Воспитания, вальдорфская школа",../../sredneobrazovatelnaya-shkola/tsentr-iskusstva-vospitaniya-valdorfskaya-shkola/index.html,a78,vasileostrovskij
"№ 35, школа с углубленным изучением английского языка",../../inostrannyie-yazyiki/35-shkola-s-uglublennyim-izucheniem-anglijskogo-yazyika/index.html,a66,vasileostrovskij
"Ювента, частная школа",../../sredneobrazovatelnaya-shkola/yuventa-shkola/index.html,a73,vasileostrovskij
"№ 27, школа с углубленным изучением литературы, истории и иностранных языков",../../inostrannyie-yazyiki/27-shkola-s-uglublennyim-izucheniem-literaturyi-istorii-i-inostrannyih-yazyikov/index.html,a60,vasileostrovskij
"№ 15, школа",../../sredneobrazovatelnaya-shkola/15-shkola/index.html,a53,vasileostrovskij
"№ 2, школа",../../sredneobrazovatelnaya-shkola/2-shkola/index.html,a45,vasileostrovskij
"№ 9, школа с углубленным изучением французского языка",../../frantsuzskij-yazyik/9-shkola-s-uglublennyim-izucheniem-frantsuzskogo-yazyika/index.html,a49,vasileostrovskij
"№ 17, школа",../../sredneobrazovatelnaya-shkola/17-shkola/index.html,a55,vasileostrovskij
"№ 21, школа",../../sredneobrazovatelnaya-shkola/21-shkola/index.html,a58,vasileostrovskij
"№ 28, школа",../../sredneobrazovatelnaya-shkola/28-shkola/index.html,a61,vasileostrovskij
"№ 5, школа",../../sredneobrazovatelnaya-shkola/5-shkola/index.html,a47,vasileostrovskij
"№ 19, школа",../../sredneobrazovatelnaya-shkola/19-shkola/index.html,a57,vasileostrovskij
"№ 6, школа",../../sredneobrazovatelnaya-shkola/6-shkola/index.html,a48,vasileostrovskij
"№ 576, школа-интернат с углубленным изучением предмета «Физическая культура»",../../sportivnaya-shkola/576-shkola-internat-s-uglublennyim-izucheniem-predmeta-fizicheskaya-kultura/index.html,a68,vasileostrovskij
"№ 575, центр образования",../../sredneobrazovatelnaya-shkola/575-shkola/index.html,a735,vasileostrovskij
Радиотехнический профессиональный лицей,../../drugoe/radiotehnicheskij-professionalnyij-litsej/index.html,a736,vasileostrovskij
"№ 36, школа начального общего образования",../../nachalnaya-shkola/36-shkola-nachalnogo-obschego-obrazovaniya/index.html,a67,vasileostrovskij
"Человечек, школа - детский сад",../../nachalnaya-shkola/chelovechek-shkola-detskij-sad/index.html,a74,vasileostrovskij
"АСПЕКТ, частная британская школа",../../nachalnaya-shkola/aspekt/index.html,a75,vasileostrovskij
ИЗЮМИНКА,../../nachalnaya-shkola/izyuminka/index.html,a76,vasileostrovskij
Православная школа семьи Шостаковичей,../../drugoe/pravoslavnaya-shkola-semi-shostakovichej/index.html,a765,vasileostrovskij
"№ 4, специальная школа VIII вида",../../deti-s-osobennostyami-razvitiya/4-shkola-viii-vida/index.html,a776,vasileostrovskij
Школа им. С. Т. Шацкого,../../chastnaya-shkola/shkola-im-stshatskogo/index.html,a1096,vasileostrovskij
Немецкая школа при Генеральном консульстве Германии,../../nemetskij-yazyik/nemetskaya-shkola-pri-generalnom-konsulstve-germanii/index.html,a1118,vasileostrovskij
"№ 645, школа [ЗАКРЫТА]",../../sredneobrazovatelnaya-shkola/645-shkola/index.html,a71,vasileostrovskij
"№ 73, Ломоносовская гимназия",../../sredneobrazovatelnaya-shkola/73-lomonosovskaya-gimnaziya/index.html,a83,vyiborgskij
Медицинская Гимназия с православным воспитанием детей,../../biologiya/meditsinskaya-gimnaziya-s-pravoslavnyim-vospitaniem-detej/index.html,a136,vyiborgskij
"№ 74, гимназия",../../nemetskij-yazyik/74-gimnaziya/index.html,a84,vyiborgskij
Естественно-научный лицей СПбПУ (ЕНЛ СПбПУ),../../informatika/632-estestvenno-nauchnyij-litsej-pri-sankt-peterburgskom-gosudarstvennom-politehnicheskom-universitete/index.html,a188,vyiborgskij
"№ 605, школа с углубленным изучением немецкого языка",../../inostrannyie-yazyiki/605-shkola-s-uglublennyim-izucheniem-nemetskogo-yazyika/index.html,a130,vyiborgskij
"№ 61, гимназия",../../anglijskij-yazyik/61-gimnaziya-s-uglublennyim-izucheniem-anglijskogo-yazyika/index.html,a80,vyiborgskij
"№ 488, лицей",../../sredneobrazovatelnaya-shkola/488-litsej/index.html,a121,vyiborgskij
"№ 92, гимназия",../../sredneobrazovatelnaya-shkola/92-gimnaziya/index.html,a88,vyiborgskij
"№ 534, школа с углубленным изучением английского языка",../../anglijskij-yazyik/534-shkola-s-uglublennyim-izucheniem-anglijskogo-yazyika/index.html,a125,vyiborgskij
"№ 105, гимназия",../../anglijskij-yazyik/105-gimnaziya-s-uglublennyim-izucheniem-anglijskogo-yazyika/index.html,a96,vyiborgskij
"Паскаль Лицей, частная школа",../../sredneobrazovatelnaya-shkola/paskal-litsej/index.html,a137,vyiborgskij
"№ 622, гимназия с углубленным изучением права",../../pravo/622-gimnaziya-s-uglublennyim-izucheniem-prava/index.html,a131,vyiborgskij
"№ 295, гимназия",../../sredneobrazovatelnaya-shkola/295-gimnaziya/index.html,a616,vyiborgskij
"№ 652, гимназия",../../inostrannyie-yazyiki/652-gimnaziya-s-uglublennyim-izucheniem-inostrannyih-yazyikov/index.html,a133,vyiborgskij
"№ 83, школа с углубленным изучением японского и английского языков",../../anglijskij-yazyik/83-shkola-s-uglublennyim-izucheniem-yaponskogo-i-anglijskogo-yazyikov/index.html,a86,vyiborgskij
"Менахем, школа-сад, частное общеобразовательное учреждение",../../nachalnaya-shkola/menahem-shkola-sad-chastnoe-obscheobrazovatelnoe-uchrezhdenie/index.html,a140,vyiborgskij
"№ 101, лицей",../../matematika/101-litsej/index.html,a92,vyiborgskij
"№ 623, лицей им. И. П. Павлова",../../biologiya/623-litsej-im-i-p-pavlova/index.html,a132,vyiborgskij
"№ 457, школа с углубленным изучением английского языка",../../anglijskij-yazyik/457-shkola-s-uglublennyim-izucheniem-anglijskogo-yazyika/index.html,a111,vyiborgskij
"№ 114, гимназия",../../sredneobrazovatelnaya-shkola/114-gimnaziya/index.html,a101,vyiborgskij
"№ 107, гимназия",../../sredneobrazovatelnaya-shkola/107-gimnaziya/index.html,a97,vyiborgskij
"№ 558, школа с углубленным изучением математики",../../matematika/558-shkola-s-uglublennyim-izucheniem-matematiki/index.html,a126,vyiborgskij
"№ 103, школа с углубленным изучением математики",../../matematika/103-shkola-s-uglublennyim-izucheniem-matematiki-i-ekonomiki/index.html,a94,vyiborgskij
"№ 517, школа с углубленным изучением предметов экономического профиля",../../drugoe/517-shkola/index.html,a123,vyiborgskij
"№ 62, школа",../../sredneobrazovatelnaya-shkola/62-shkola/index.html,a81,vyiborgskij
"№ 124, школа с углубленным изучением английского языка",../../anglijskij-yazyik/124-shkola-s-uglublennyim-izucheniem-anglijskogo-yazyika/index.html,a107,vyiborgskij
"№ 584, коррекционная школа для детей с заболеваниями опорно-двигательного аппарата неврологического характера.",../../deti-s-osobennostyami-razvitiya/584-shkola-korrektsionnaya-dlya-detej-s-zabolevaniyami-oporno-dvigatelnogo-apparata-nevrologicheskogo-haraktera/index.html,a745,vyiborgskij
"№ 518, школа",../../sredneobrazovatelnaya-shkola/518-shkola/index.html,a124,vyiborgskij
"№ 65, школа с углубленным изучением французского языка",../../frantsuzskij-yazyik/65-shkola-s-uglublennyim-izucheniem-frantsuzskogo-yazyika/index.html,a82,vyiborgskij
"№ 102, школа",../../sredneobrazovatelnaya-shkola/102-shkola/index.html,a93,vyiborgskij
"№ 135, школа",../../inostrannyie-yazyiki/135-shkola/index.html,a109,vyiborgskij
"№ 486, лицей",../../sredneobrazovatelnaya-shkola/486-litsej/index.html,a120,vyiborgskij
"№ 463, школа",../../pravo/463-resursnyij-tsentr-po-grazhdansko-pravovomu-vospitaniyu/index.html,a112,vyiborgskij
"№ 468, школа",../../sredneobrazovatelnaya-shkola/468-shkola/index.html,a113,vyiborgskij
"№ 494, школа",../../sredneobrazovatelnaya-shkola/494-shkola/index.html,a122,vyiborgskij
"№ 33, школа-интернат для слабослышащих детей",../../deti-s-osobennostyami-razvitiya/33-shkola-internat/index.html,a744,vyiborgskij
"№ 120, школа",../../sredneobrazovatelnaya-shkola/120-shkola/index.html,a105,vyiborgskij
"№ 559, школа с углубленным изучением физики и математики",../../sredneobrazovatelnaya-shkola/559-shkola/index.html,a127,vyiborgskij
"№ 117, школа",../../sredneobrazovatelnaya-shkola/117-shkola/index.html,a103,vyiborgskij
"№ 483, школа с углубленным изучением информатики",../../informatika/483-shkola-s-uglublennyim-izucheniem-informatiki/index.html,a119,vyiborgskij
"№ 471, школа",../../sredneobrazovatelnaya-shkola/471-shkola/index.html,a115,vyiborgskij
"№ 76, школа",../../sredneobrazovatelnaya-shkola/76-shkola/index.html,a85,vyiborgskij
"№ 112, школа",../../sredneobrazovatelnaya-shkola/112-shkola/index.html,a100,vyiborgskij
"№ 90, школа",../../sredneobrazovatelnaya-shkola/90-shkola/index.html,a87,vyiborgskij
"№ 104, школа",../../sredneobrazovatelnaya-shkola/104-shkola/index.html,a95,vyiborgskij
"№ 453, школа",../../pravo/453-resursnyij-tsentr-po-etiko-pravovomu-obrazovaniyu/index.html,a110,vyiborgskij
"№ 60, школа",../../sredneobrazovatelnaya-shkola/60-shkola/index.html,a79,vyiborgskij
"№ 97, школа",../../sredneobrazovatelnaya-shkola/97-shkola/index.html,a90,vyiborgskij
"№ 123, школа",../../sredneobrazovatelnaya-shkola/123-shkola/index.html,a106,vyiborgskij
"№ 472, школа имени А. Т. Карпова",../../sredneobrazovatelnaya-shkola/472-shkola-imeni-a-t-karpova/index.html,a116,vyiborgskij
"№ 115, школа",../../sredneobrazovatelnaya-shkola/115-shkola/index.html,a102,vyiborgskij
"№ 560, школа",../../sredneobrazovatelnaya-shkola/560-shkola/index.html,a128,vyiborgskij
"№ 118, школа",../../sredneobrazovatelnaya-shkola/118-shkola/index.html,a104,vyiborgskij
"№ 110, школа",../../inostrannyie-yazyiki/110-shkola/index.html,a99,vyiborgskij
"№ 94, школа",../../informatika/94-shkola-s-uglublennyim-izucheniem-informatiki/index.html,a89,vyiborgskij
"№ 474, школа",../../sredneobrazovatelnaya-shkola/474-shkola/index.html,a117,vyiborgskij
"№ 475, школа",../../sredneobrazovatelnaya-shkola/475-shkola/index.html,a118,vyiborgskij
Санкт-Петербургский технический колледж управления и коммерции (ТКУиК),../../drugoe/sankt-peterburgskij-tehnicheskij-kolledzh-upravleniya-i-kommertsii-tkuik/index.html,a743,vyiborgskij
"№ 1, колледж олимпийского резерва",../../sportivnaya-shkola/-1-kolledzh-olimpijskogo-rezerva/index.html,a815,vyiborgskij
"№ 100, центр образования",../../sredneobrazovatelnaya-shkola/100-shkola/index.html,a91,vyiborgskij
"№ 469, школа",../../sredneobrazovatelnaya-shkola/469-shkola/index.html,a114,vyiborgskij
"№ 130, прогимназия",../../nachalnaya-shkola/130-progimnaziya/index.html,a108,vyiborgskij
"№ 677, прогимназия интеллектуального, художественно-эстетического и физического развития воспитанников и обучающихся",../../sredneobrazovatelnaya-shkola/677-progimnaziya-intellektualnogo-hudozhestvenno-esteticheskogo-i-fizicheskogo-razvitiya-vospitannikov-i-obuchayuschihsya/index.html,a134,vyiborgskij
"РОСТ, частная школа",../../nachalnaya-shkola/rost-chastnyij-detskij-sad-shkola/index.html,a139,vyiborgskij
"МАСТЕР-КЛАСС, школа вариативного обучения",../../sredneobrazovatelnaya-shkola/master-klass-shkola-variativnogo-obucheniya/index.html,a141,vyiborgskij
"№ 1, школа-интернат (I вида) для неслышащих детей",../../deti-s-osobennostyami-razvitiya/shkola-internat-1/index.html,a770,vyiborgskij
"№ 6, коррекционная школа V вида для детей с нарушениями речи",../../deti-s-osobennostyami-razvitiya/6-korrektsionnaya-shkola-v-vida-dlya-detej-s-narusheniyami-rechi/index.html,a779,vyiborgskij
"№ 487, специальная (коррекционная) школа (VIII вида)",../../deti-s-osobennostyami-razvitiya/-487-spetsialnaya-korrektsionnaya-shkola-viii-vida/index.html,a1098,vyiborgskij
"№ 482, школа",../../sredneobrazovatelnaya-shkola/-482-shkola/index.html,a1120,vyiborgskij
"№ 108, школа [ЗАКРЫТА]",../../sredneobrazovatelnaya-shkola/108-shkola/index.html,a98,vyiborgskij
"№ 563, школа «Пушкинский лицей» [ЗАКРЫТА]",../../sredneobrazovatelnaya-shkola/563-shkola-pushkinskij-litsej/index.html,a129,vyiborgskij
"ФТШ, лицей «Физико-техническая школа» Академического университета",../../matematika/566-litsej-fiziko-tehnicheskaya-shkola-ran/index.html,a135,kalininskij
"№ 470, лицей",../../anglijskij-yazyik/470-gimnaziya-s-uglublennyim-izucheniem-anglijskogo-yazyika-matematiki-i-informatiki/index.html,a183,kalininskij
"№ 126, лицей",../../biologiya/126-litsej/index.html,a160,kalininskij
"№ 63, гимназия с углубленным изучением иностранных языков",../../inostrannyie-yazyiki/63-gimnaziya-s-uglublennyim-izucheniem-inostrannyih-yazyikov/index.html,a143,kalininskij
"№ 95, лицей",../../sredneobrazovatelnaya-shkola/95-litsej/index.html,a154,kalininskij
"№ 144, лицей",../../sredneobrazovatelnaya-shkola/144-gimnaziya/index.html,a166,kalininskij
"№ 179, лицей",../../meditsina/179-litsej/index.html,a179,kalininskij
"№ 150, лицей",../../sredneobrazovatelnaya-shkola/150-litsej/index.html,a171,kalininskij
"№ 148, гимназия им. Сервантеса",../../drugie-yazyiki/148-gimnaziya-im-servantesa/index.html,a169,kalininskij
"№ 619, школа",../../sredneobrazovatelnaya-shkola/619-shkola/index.html,a187,kalininskij
"№ 159, Бестужевская гимназия",../../sredneobrazovatelnaya-shkola/159-bestuzhevskaya-gimnaziya/index.html,a174,kalininskij
"№ 98, школа с углубленным изучением английского языка",../../anglijskij-yazyik/98-shkola-s-uglublennyim-izucheniem-anglijskogo-yazyika/index.html,a156,kalininskij
"№ 192, Брюсовская гимназия",../../inostrannyie-yazyiki/192-bryusovskaya-gimnaziya/index.html,a182,kalininskij
"№ 111, школа с углубленным изучением немецкого языка",../../inostrannyie-yazyiki/111-shkola-s-uglublennyim-izucheniem-nemetskogo-yazyika/index.html,a157,kalininskij
"№ 89, школа",../../sredneobrazovatelnaya-shkola/89-shkola/index.html,a152,kalininskij
"№ 71, школа",../../sredneobrazovatelnaya-shkola/71-shkola/index.html,a146,kalininskij
"№ 139, школа с углубленным изучением математики",../../matematika/139-shkola-s-uglublennyim-izucheniem-matematiki/index.html,a165,kalininskij
"№ 119, школа с углубленным изучением английского языка",../../anglijskij-yazyik/119-shkola-s-uglublennyim-izucheniem-anglijskogo-yazyika/index.html,a158,kalininskij
"№ 138, школа",../../sredneobrazovatelnaya-shkola/138-shkola/index.html,a164,kalininskij
"№ 158, школа",../../sredneobrazovatelnaya-shkola/158-shkola/index.html,a173,kalininskij
"№ 78, школа",../../sredneobrazovatelnaya-shkola/78-shkola/index.html,a148,kalininskij
"№ 72, школа с углубленным изучением немецкого языка",../../inostrannyie-yazyiki/72-shkola-s-uglublennyim-izucheniem-nemetskogo-yazyika/index.html,a147,kalininskij
"№ 156, школа с углубленным изучением информатики",../../informatika/156-shkola-s-uglublennyim-izucheniem-informatiki/index.html,a172,kalininskij
"№ 69, школа",../../sredneobrazovatelnaya-shkola/69-shkola/index.html,a145,kalininskij
"№ 79, школа",../../anglijskij-yazyik/79-shkola/index.html,a149,kalininskij
"№ 121, школа",../../sredneobrazovatelnaya-shkola/121-shkola/index.html,a159,kalininskij
"№ 9, школа-интернат VI вида",../../deti-s-osobennostyami-razvitiya/9-shkola-internat-vi-vida/index.html,a783,kalininskij
"№ 88, школа",../../sredneobrazovatelnaya-shkola/88-shkola/index.html,a151,kalininskij
"№ 692, школа",../../anglijskij-yazyik/692-shkola/index.html,a191,kalininskij
"№ 137, школа",../../sredneobrazovatelnaya-shkola/137-shkola/index.html,a163,kalininskij
"№ 653, школа с углубленным изучением иностранных языков (хинди и английский)",../../anglijskij-yazyik/653-shkola-s-uglublennyim-izucheniem-inostrannyih-yazyikov-hindi-i-anglijskij/index.html,a190,kalininskij
"№ 68, школа",../../sredneobrazovatelnaya-shkola/68-shkola/index.html,a144,kalininskij
"№ 184, школа",../../voennoe-uchilische/184-shkola-kadetskij-klass/index.html,a180,kalininskij
"№ 175, школа с углубленным изучением предметов художественно-эстетического цикла",../../hudozhestvenno-esteticheskoe-obrazovanie/175-shkola-s-uglublennyim-izucheniem-predmetov-hudozhestvenno-esteticheskogo-tsikla/index.html,a177,kalininskij
"№ 473, школа",../../hudozhestvenno-esteticheskoe-obrazovanie/473-shkola-s-uglublennyim-izucheniem-predmetov-hudozhestvenno-esteticheskogo-tsikla/index.html,a184,kalininskij
"№ 145, школа (кадетские классы)",../../voennoe-uchilische/145-shkola-kadetskie-klassyi/index.html,a167,kalininskij
"№ 128, школа",../../sredneobrazovatelnaya-shkola/128-shkola/index.html,a161,kalininskij
"№ 81, школа",../../sredneobrazovatelnaya-shkola/81-shkola/index.html,a150,kalininskij
"№ 514, школа",../../hudozhestvenno-esteticheskoe-obrazovanie/514-shkola-s-uglublennyim-izucheniem-predmetov-hudozhestvenno-esteticheskogo-tsikla/index.html,a185,kalininskij
"№ 172, школа",../../sredneobrazovatelnaya-shkola/172-shkola/index.html,a176,kalininskij
"№ 535, школа",../../sredneobrazovatelnaya-shkola/535-shkola/index.html,a186,kalininskij
"№ 146, школа",../../sredneobrazovatelnaya-shkola/146-shkola/index.html,a168,kalininskij
"№ 10, открытая сменная школа для учащихся с нарушениями слуха и речи",../../deti-s-osobennostyami-razvitiya/-10-otkryitaya-smennaya-shkola-dlya-uchaschihsya-s-narusheniyami-sluha-i-rechi/index.html,a816,kalininskij
"№ 149, школа",../../sredneobrazovatelnaya-shkola/149-shkola/index.html,a170,kalininskij
"№ 186, школа",../../sredneobrazovatelnaya-shkola/186-shkola/index.html,a181,kalininskij
Санкт-Петербургский технический колледж управления и коммерции (ТКУиК),../../drugoe/sankt-peterburgskij-tehnicheskij-kolledzh-upravleniya-i-kommertsii-tkuik/index.html,a743,kalininskij
"№ 176, школа",../../sredneobrazovatelnaya-shkola/176-shkola/index.html,a178,kalininskij
"№ 136, школа",../../sredneobrazovatelnaya-shkola/136-shkola/index.html,a162,kalininskij
"№ 96, школа",../../sredneobrazovatelnaya-shkola/96-shkola/index.html,a155,kalininskij
"№ 162, школа",../../sredneobrazovatelnaya-shkola/162-shkola/index.html,a175,kalininskij
"№ 633, центр образования",../../sredneobrazovatelnaya-shkola/633-shkola/index.html,a189,kalininskij
"№ 28, школа-интернат",../../sredneobrazovatelnaya-shkola/28-shkola-internat/index.html,a142,kalininskij
"№ 701, начальная школа - детский сад «ИЗУМРУДНЫЙ ГОРОД»",../../nachalnaya-shkola/701-nachalnaya-shkola-detskij-sad-izumrudnyij-gorod/index.html,a192,kalininskij
Монтессори-школа Михайловой (МШМ),../../nachalnaya-shkola/montessori-shkola-mihajlovoj-mshm/index.html,a825,kalininskij
"№ 561, коррекционная общеобразовательная школа VII вида",../../deti-s-osobennostyami-razvitiya/561/index.html,a826,kalininskij
"№ 46, специальная (коррекционная) школа (VIII вида) ""Центр РиМ""",../../deti-s-osobennostyami-razvitiya/-46-spetsialnaya-korrektsionnaya-shkola-viii-vida-tsentr-rim/index.html,a1099,kalininskij
"№ 93, школа [ЗАКРЫТА]",../../sredneobrazovatelnaya-shkola/93-shkola-closed/index.html,a153,kalininskij
"№ 55, центр образования [ЗАКРЫТА]",../../sredneobrazovatelnaya-shkola/55-tsentr-obrazovaniya/index.html,a756,kalininskij
"№ 261, гимназия",../../sredneobrazovatelnaya-shkola/261-gimnaziya/index.html,a204,kirovskij
"№ 393, информационно-математический лицей",../../informatika/393-informatsionno-matematicheskij-litsej/index.html,a223,kirovskij
"№ 248, гимназия с углубленным изучением английского языка",../../anglijskij-yazyik/248-gimnaziya-s-uglublennyim-izucheniem-anglijskogo-yazyika/index.html,a198,kirovskij
"Взмах, частная школа",../../sredneobrazovatelnaya-shkola/vzmah/index.html,a240,kirovskij
"№ 244, лицей",../../sredneobrazovatelnaya-shkola/244-shkola/index.html,a197,kirovskij
"№ 384, лицей",../../sredneobrazovatelnaya-shkola/384-litsej/index.html,a217,kirovskij
"№ 504, школа с углубленным изучением английского языка",../../anglijskij-yazyik/504-shkola-s-uglublennyim-izucheniem-anglijskogo-yazyika/index.html,a230,kirovskij
"№ 481, школа с углубленным изучением немецкого языка",../../inostrannyie-yazyiki/481-shkola-s-uglublennyim-izucheniem-nemetskogo-yazyika/index.html,a226,kirovskij
"№ 506, школа с углубленным изучением немецкого языка",../../inostrannyie-yazyiki/506-shkola-s-uglublennyim-izucheniem-nemetskogo-yazyika/index.html,a231,kirovskij
"№ 397, гимназия им. Г. Старовойтовой",../../sredneobrazovatelnaya-shkola/397-gimnaziya-im-g-starovojtovoj/index.html,a224,kirovskij
"№ 223, школа с углубленным изучением немецкого языка",../../inostrannyie-yazyiki/223-shkola-s-uglublennyim-izucheniem-nemetskogo-yazyika/index.html,a195,kirovskij
"№ 254, школа с углубленным изучением английского языка",../../anglijskij-yazyik/254-shkola-s-uglublennyim-izucheniem-anglijskogo-yazyika/index.html,a202,kirovskij
"№ 274, школа с углубленным изучением иностранных языков",../../inostrannyie-yazyiki/274-shkola-s-uglublennyim-izucheniem-inostrannyih-yazyikov/index.html,a207,kirovskij
"№ 551, школа",../../sredneobrazovatelnaya-shkola/551-shkola/index.html,a234,kirovskij
"№ 249, школа им. М. В. Маневича",../../sredneobrazovatelnaya-shkola/249-shkola-im-m-v-manevicha/index.html,a199,kirovskij
"№ 389, лицей - Центр экологического образования",../../drugoe/389-shkola-tsentr-ekologicheskogo-obrazovaniya/index.html,a221,kirovskij
"№ 378, лицей",../../sredneobrazovatelnaya-shkola/378-shkola/index.html,a214,kirovskij
"№ 501, школа с углубленным изучением предмета информатики и информационно-коммуникационных технологий",../../sredneobrazovatelnaya-shkola/501-shkola/index.html,a228,kirovskij
"№ 387, лицей",../../sredneobrazovatelnaya-shkola/387-litsej/index.html,a219,kirovskij
"№ 392, школа с углубленным изучением французского языка",../../frantsuzskij-yazyik/392-shkola-s-uglublennyim-izucheniem-frantsuzskogo-yazyika/index.html,a222,kirovskij
"№ 658, школа с элементами вальдорфской педагогики",../../sredneobrazovatelnaya-shkola/658-shkola-s-elementami-valdorfskoj-pedagogiki/index.html,a239,kirovskij
"№ 539, школа с углубленным изучением испанского языка",../../drugie-yazyiki/539-shkola-s-uglublennyim-izucheniem-ispanskogo-yazyika/index.html,a233,kirovskij
"№ 282, школа с углубленным изучением французского языка",../../frantsuzskij-yazyik/282-shkola-s-uglublennyim-izucheniem-frantsuzskogo-yazyika/index.html,a210,kirovskij
"№ 2, школа-интернат (IV вида) для слабовидящих детей",../../deti-s-osobennostyami-razvitiya/2-shkola-internat-iv-vida-dlya-slabovidyaschih-detej/index.html,a772,kirovskij
"№ 585, школа",../../sredneobrazovatelnaya-shkola/585-shkola/index.html,a236,kirovskij
"№ 264, школа",../../sredneobrazovatelnaya-shkola/264-shkola/index.html,a205,kirovskij
"№ 538, школа с углубленным изучением информационных технологий",../../informatika/538-shkola-s-uglublennyim-izucheniem-informatsionnyih-tehnologij/index.html,a232,kirovskij
ШКОЛА РАЗГОВОРНЫХ ЯЗЫКОВ ЧОУ,../../inostrannyie-yazyiki/shkola-razgovornyih-yazyikov-chou/index.html,a244,kirovskij
"№ 284, гимназия",../../anglijskij-yazyik/284-shkola/index.html,a212,kirovskij
"№ 379, школа",../../sredneobrazovatelnaya-shkola/379-shkola/index.html,a215,kirovskij
"№ 386, школа",../../sredneobrazovatelnaya-shkola/386-shkola/index.html,a218,kirovskij
"№ 377, школа",../../sredneobrazovatelnaya-shkola/377-shkola/index.html,a213,kirovskij
"№ 381, школа",../../sredneobrazovatelnaya-shkola/381-shkola/index.html,a216,kirovskij
"№ 493, школа",../../sredneobrazovatelnaya-shkola/493-shkola/index.html,a227,kirovskij
"№ 283, школа",../../sredneobrazovatelnaya-shkola/283-shkola/index.html,a211,kirovskij
"№ 503, школа",../../sredneobrazovatelnaya-shkola/503-shkola/index.html,a229,kirovskij
Санкт-Петербургское Суворовское военное училище МВД России,../../voennoe-uchilische/sankt-peterburgskoe-suvorovskoe-voennoe-uchilische-mvd-rossii/index.html,a814,kirovskij
"№ 221, школа, городской ресурсный центр гражданско-правового образования",../../pravo/221-shkola-gorodskoj-resursnyij-tsentr-grazhdansko-pravovogo-obrazovaniya/index.html,a194,kirovskij
"№ 388, школа",../../sredneobrazovatelnaya-shkola/388-shkola/index.html,a220,kirovskij
"№ 269, школа",../../sredneobrazovatelnaya-shkola/269-shkola/index.html,a206,kirovskij
"№ 479, школа славянских культур",../../drugoe/479-shkola-slavyanskih-kultur/index.html,a225,kirovskij
"№ 608, школа",../../sredneobrazovatelnaya-shkola/608-shkola/index.html,a237,kirovskij
"№ 250, школа",../../sredneobrazovatelnaya-shkola/250-shkola/index.html,a200,kirovskij
"№ 277, школа",../../sredneobrazovatelnaya-shkola/277-shkola/index.html,a208,kirovskij
"№ 251, школа",../../sredneobrazovatelnaya-shkola/251-shkola/index.html,a201,kirovskij
"№ 240, школа",../../sredneobrazovatelnaya-shkola/240-shkola/index.html,a196,kirovskij
"№ 162, центр образования",../../sredneobrazovatelnaya-shkola/162-tsentr-obrazovaniya/index.html,a758,kirovskij
"№ 654, школа с углубленным изучением предметов художественно-эстетического цикла (хореография)",../../hudozhestvenno-esteticheskoe-obrazovanie/654-shkola-s-uglublennyim-izucheniem-predmetov-hudozhestvenno-esteticheskogo-tsikla-horeografiya/index.html,a238,kirovskij
"ДЕЛЬТА, частная школа-детский сад",../../sredneobrazovatelnaya-shkola/delta-chastnaya-shkola/index.html,a241,kirovskij
"№ 480, специальная (коррекционная) школа (VII вида)",../../deti-s-osobennostyami-razvitiya/-480-spetsialnaya-korrektsionnaya-shkola-vii-vida/index.html,a1100,kirovskij
"№ 279, школа индивидуального развития и обучения [ЗАКРЫТА]",../../deti-s-osobennostyami-razvitiya/279-shkola-individualnogo-razvitiya-i-obucheniya/index.html,a209,kirovskij
"№ 257, школа [ЗАКРЫТА]",../../sredneobrazovatelnaya-shkola/257-shkola/index.html,a203,kirovskij
Центр информационной культуры (ЦИК) [ЗАКРЫТА],../../sredneobrazovatelnaya-shkola/tsentr-informatsionnoj-kulturyi-tsik/index.html,a811,kirovskij
"№ 446, гимназия",../../sredneobrazovatelnaya-shkola/446-gimnaziya/index.html,a252,kolpinskij
"№ 402, гимназия",../../sredneobrazovatelnaya-shkola/402-gimnaziya/index.html,a249,kolpinskij
"№ 273, лицей",../../sredneobrazovatelnaya-shkola/273-litsej/index.html,a246,kolpinskij
"№ 258, школа с углубленным изучением физики и химии",../../fizika/258-shkola-s-uglublennyim-izucheniem-fiziki-i-himii/index.html,a245,kolpinskij
"№ 455, школа с углубленным изучением английского языка",../../anglijskij-yazyik/455-shkola-s-uglublennyim-izucheniem-anglijskogo-yazyika/index.html,a257,kolpinskij
"№ 404, школа",../../sredneobrazovatelnaya-shkola/404-shkola/index.html,a250,kolpinskij
"№ 621, школа",../../sredneobrazovatelnaya-shkola/621-shkola/index.html,a268,kolpinskij
"№ 476, школа",../../sredneobrazovatelnaya-shkola/476-shkola/index.html,a262,kolpinskij
"№ 523, школа",../../deti-s-osobennostyami-razvitiya/523-shkola/index.html,a265,kolpinskij
"№ 420, школа",../../sredneobrazovatelnaya-shkola/420-shkola/index.html,a251,kolpinskij
"№ 461, школа",../../sredneobrazovatelnaya-shkola/461-shkola/index.html,a259,kolpinskij
"№ 467, школа",../../sredneobrazovatelnaya-shkola/467-shkola/index.html,a261,kolpinskij
"№ 401, школа",../../sredneobrazovatelnaya-shkola/401-shkola/index.html,a248,kolpinskij
"№ 456, школа",../../sredneobrazovatelnaya-shkola/456-shkola/index.html,a258,kolpinskij
"№ 588, школа",../../sredneobrazovatelnaya-shkola/588-shkola/index.html,a266,kolpinskij
"№ 520, школа",../../sredneobrazovatelnaya-shkola/520-shkola/index.html,a264,kolpinskij
"№ 589, школа",../../sredneobrazovatelnaya-shkola/589-shkola/index.html,a267,kolpinskij
"№ 454, школа",../../voennoe-uchilische/454-shkola/index.html,a256,kolpinskij
"№ 400, школа им. Ал. Невского",../../sredneobrazovatelnaya-shkola/400-shkola-im-al-nevskogo/index.html,a247,kolpinskij
"№ 451, школа",../../sredneobrazovatelnaya-shkola/451-shkola/index.html,a253,kolpinskij
"№ 170, центр образования",../../sredneobrazovatelnaya-shkola/170-tsentr-obrazovaniya/index.html,a759,kolpinskij
"№ 452, школа",../../sredneobrazovatelnaya-shkola/452-shkola/index.html,a254,kolpinskij
"№ 453, начальная школа",../../sredneobrazovatelnaya-shkola/453-shkola/index.html,a255,kolpinskij
"№ 465, школа",../../sredneobrazovatelnaya-shkola/465-shkola/index.html,a260,kolpinskij
"№ 432, коррекционная школа (VII и VIII вида)",../../deti-s-osobennostyami-razvitiya/-432-korrektsionnaya-shkola-vii-i-viii-vida/index.html,a828,kolpinskij
"№ 648, школа [ЗАКРЫТА]",../../sredneobrazovatelnaya-shkola/648-shkola/index.html,a755,kolpinskij
"№ 478, школа [ЗАКРЫТА]",../../sredneobrazovatelnaya-shkola/478-shkola/index.html,a263,kolpinskij
"№ 628, Александринская гимназия",../../sredneobrazovatelnaya-shkola/628-aleksandrinskaya-gimnaziya/index.html,a305,krasnogvardejskij
"Петершуле, немецкая гимназия",../../inostrannyie-yazyiki/petershule-nemetskaya-gimnaziya/index.html,a312,krasnogvardejskij
"№ 177, гимназия",../../sredneobrazovatelnaya-shkola/177-gimnaziya/index.html,a284,krasnogvardejskij
"№ 577, школа с углубленным изучением английского языка",../../anglijskij-yazyik/577-shkola-s-uglublennyim-izucheniem-anglijskogo-yazyika/index.html,a304,krasnogvardejskij
"№ 127, школа с углубленным изучением английского языка",../../anglijskij-yazyik/127-shkola-s-uglublennyim-izucheniem-anglijskogo-yazyika/index.html,a270,krasnogvardejskij
"№ 160, школа с углубленным изучением английского языка",../../anglijskij-yazyik/160-shkola-s-uglublennyim-izucheniem-anglijskogo-yazyika/index.html,a280,krasnogvardejskij
"№ 196, гимназия",../../anglijskij-yazyik/196-gimnaziya-s-uglublennyim-izucheniem-anglijskogo-yazyika/index.html,a291,krasnogvardejskij
"№ 664, гимназия-интернат",../../sredneobrazovatelnaya-shkola/664-gimnaziya-internat/index.html,a306,krasnogvardejskij
"№ 1, школа-интернат имени К.К.Грота (для незрячих и слабовидящих детей)",../../deti-s-osobennostyami-razvitiya/1-shkola-internat-imeni-kkgrota/index.html,a771,krasnogvardejskij
"№ 265, лицей",../../sredneobrazovatelnaya-shkola/265-litsej/index.html,a294,krasnogvardejskij
"№ 531, школа",../../sredneobrazovatelnaya-shkola/531-shkola/index.html,a801,krasnogvardejskij
"№ 164, школа",../../sredneobrazovatelnaya-shkola/164-shkola/index.html,a282,krasnogvardejskij
"№ 533, лицей, образовательный комплекс «МАЛАЯ ОХТА» | ЮМШ",../../informatika/533-litsej-obrazovatelnyij-kompleks-malaya-ohta/index.html,a302,krasnogvardejskij
"№ 515, школа им. И. В. Гёте (Гётешуле) с углубленным изучением немецкого языка",../../inostrannyie-yazyiki/515-shkola-im-i-v-gyote-gyoteshule-s-uglublennyim-izucheniem-nemetskogo-yazyika/index.html,a299,krasnogvardejskij
"№ 405, гимназия с углубленным изучением английского и французского языков",../../anglijskij-yazyik/405-gimnaziya-s-uglublennyim-izucheniem-anglijskogo-i-frantsuzskogo-yazyikov/index.html,a296,krasnogvardejskij
"№ 521, школа с углубленным изучением математики и информатики",../../informatika/521-shkola-s-uglublennyim-izucheniem-matematiki-i-informatiki/index.html,a300,krasnogvardejskij
"№ 188, школа с углубленным изучением предметов художественно-эстетического цикла",../../hudozhestvenno-esteticheskoe-obrazovanie/188-shkola-s-uglublennyim-izucheniem-predmetov-hudozhestvenno-esteticheskogo-tsikla/index.html,a288,krasnogvardejskij
"№ 141, школа",../../sredneobrazovatelnaya-shkola/141-shkola/index.html,a275,krasnogvardejskij
"№ 349, школа с углубленным изучением английского языка",../../anglijskij-yazyik/349-shkola-s-uglublennyim-izucheniem-anglijskogo-yazyika/index.html,a295,krasnogvardejskij
"№ 532, школа",../../sredneobrazovatelnaya-shkola/532-shkola/index.html,a301,krasnogvardejskij
"№ 491, школа с углубленным изучением математики",../../matematika/491-shkola-s-uglublennyim-izucheniem-matematiki/index.html,a298,krasnogvardejskij
"№ 233, школа с углубленным изучением иностранных языков",../../inostrannyie-yazyiki/233-shkola-s-uglublennyim-izucheniem-inostrannyih-yazyikov/index.html,a293,krasnogvardejskij
"№ 180, школа с углубленным изучением английского языка",../../anglijskij-yazyik/180-shkola-s-uglublennyim-izucheniem-anglijskogo-yazyika/index.html,a285,krasnogvardejskij
"№ 147, ресурсный центр по гражданско-правовому образованию",../../pravo/147-resursnyij-tsentr-po-grazhdansko-pravovomu-obrazovaniyu/index.html,a277,krasnogvardejskij
Гимназия им. Александра Невского,../../sredneobrazovatelnaya-shkola/gimnaziya-im-aleksandra-nevskogo-193/index.html,a193,krasnogvardejskij
"№ 151, школа",../../sredneobrazovatelnaya-shkola/151-shkola/index.html,a278,krasnogvardejskij
"№ 562, школа",../../sredneobrazovatelnaya-shkola/562-shkola/index.html,a303,krasnogvardejskij
"№ 143, школа с углубленным изучением английского языка",../../anglijskij-yazyik/143-shkola-s-uglublennyim-izucheniem-anglijskogo-yazyika/index.html,a276,krasnogvardejskij
"№ 195, школа",../../sredneobrazovatelnaya-shkola/195-shkola/index.html,a290,krasnogvardejskij
"№ 191, школа с углубленным изучением немецкого языка",../../inostrannyie-yazyiki/191-shkola-s-uglublennyim-izucheniem-nemetskogo-yazyika/index.html,a289,krasnogvardejskij
Школа здоровья и индивидуального развития,../../sredneobrazovatelnaya-shkola/shkola-zdorovya-i-individualnogo-razvitiya/index.html,a309,krasnogvardejskij
"№ 133, школа с углубленным изучением французского языка",../../frantsuzskij-yazyik/133-shkola-s-uglublennyim-izucheniem-frantsuzskogo-yazyika/index.html,a272,krasnogvardejskij
"№ 134, школа",../../sredneobrazovatelnaya-shkola/134-shkola/index.html,a273,krasnogvardejskij
"№ 490, школа с углубленным изучением иностранных языков",../../frantsuzskij-yazyik/490-shkola-s-uglublennyim-izucheniem-frantsuzskogo-yazyika/index.html,a297,krasnogvardejskij
"№ 129, школа",../../sredneobrazovatelnaya-shkola/129-shkola/index.html,a271,krasnogvardejskij
"№ 182, школа",../../sredneobrazovatelnaya-shkola/182-shkola/index.html,a286,krasnogvardejskij
"№ 187, школа",../../sredneobrazovatelnaya-shkola/187-shkola/index.html,a287,krasnogvardejskij
"АРИСТОС, лицей",../../sredneobrazovatelnaya-shkola/aristos-chastnaya-shkola-litsej/index.html,a311,krasnogvardejskij
"№ 125, школа",../../sredneobrazovatelnaya-shkola/125-shkola/index.html,a269,krasnogvardejskij
"№ 152, школа",../../sredneobrazovatelnaya-shkola/152-shkola/index.html,a279,krasnogvardejskij
"№ 140, школа",../../sredneobrazovatelnaya-shkola/140-shkola/index.html,a274,krasnogvardejskij
"№ 2, Санкт-Петербургское Училище Олимпийского резерва (СПУОР)",../../sportivnaya-shkola/2-sankt-peterburgskoe-uchilische-olimpijskogo-rezerva/index.html,a813,krasnogvardejskij
"УЧАСТИЕ, образовательный центр",../../drugoe/uchastie-obrazovatelnyij-tsentr/index.html,a310,krasnogvardejskij
Эпишкола,../../sredneobrazovatelnaya-shkola/epishkola/index.html,a738,krasnogvardejskij
"№ 3, речевая школа",../../deti-s-osobennostyami-razvitiya/3-rechevaya-shkola/index.html,a774,krasnogvardejskij
"№ 6, школа-интернат для детей-сирот",../../deti-s-osobennostyami-razvitiya/6-shkola-internat-dlya-detej-sirot/index.html,a780,krasnogvardejskij
"№ 499, коррекционная школа VIII вида",../../deti-s-osobennostyami-razvitiya/499-shkola/index.html,a839,krasnogvardejskij
"№ 609, специальная (коррекционная) школа (VII вида)",../../deti-s-osobennostyami-razvitiya/-609-spetsialnaya-korrektsionnaya-shkola-vii-vida/index.html,a1104,krasnogvardejskij
"№ 1, открытая (сменная) школа для слепых и слабовидящих детей [ЗАКРЫТА]",../../sredneobrazovatelnaya-shkola/1-otkryitaya-smennaya-shkola/index.html,a812,krasnogvardejskij
"№ 198, школа [ЗАКРЫТА]",../../sredneobrazovatelnaya-shkola/198-shkola/index.html,a292,krasnogvardejskij
"№ 170, школа [ЗАКРЫТА]",../../deti-s-osobennostyami-razvitiya/170-shkola-klassyi-dlya-detej-s-oslablennyim-zdorovem/index.html,a283,krasnogvardejskij
"№ 369, лицей",../../sredneobrazovatelnaya-shkola/369-litsej/index.html,a331,krasnoselskij
"№ 548, школа с углубленным изучением английского языка",../../anglijskij-yazyik/548-shkola-s-uglublennyim-izucheniem-anglijskogo-yazyika/index.html,a347,krasnoselskij
"№ 399, гимназия",../../anglijskij-yazyik/399-gimnaziya/index.html,a342,krasnoselskij
"№ 382, школа",../../sredneobrazovatelnaya-shkola/382-shkola/index.html,a334,krasnoselskij
"№ 271, гимназия",../../sredneobrazovatelnaya-shkola/271-gimnaziya/index.html,a323,krasnoselskij
Школа экономики и права (ШЭиП),../../sredneobrazovatelnaya-shkola/gimnaziya-instituta-ekonomiki-i-prava-rossijskoj-akademii-upravleniya/index.html,a354,krasnoselskij
"№ 395, лицей",../../sredneobrazovatelnaya-shkola/395-litsej/index.html,a340,krasnoselskij
"№ 505, гимназия",../../sredneobrazovatelnaya-shkola/505-gimnaziya/index.html,a345,krasnoselskij
"№ 590, лицей",../../sredneobrazovatelnaya-shkola/590-litsej/index.html,a350,krasnoselskij
"№ 293, гимназия",../../sredneobrazovatelnaya-shkola/293-gimnaziya/index.html,a329,krasnoselskij
"№ 398, школа",../../sredneobrazovatelnaya-shkola/398-shkola/index.html,a341,krasnoselskij
Санкт-Петербургская международная школа и школа-пансион (СПбМШ),../../sredneobrazovatelnaya-shkola/sankt-peterburgskaya-mezhdunarodnaya-shkola-i-shkola-pansion/index.html,a355,krasnoselskij
"№ 242, школа с углубленным изучением физики и математики",../../matematika/242-shkola-s-uglublennyim-izucheniem-fiziki-i-matematiki/index.html,a318,krasnoselskij
"№ 380, школа",../../sredneobrazovatelnaya-shkola/380-shkola/index.html,a333,krasnoselskij
"№ 352, школа с углубленным изучением немецкого языка",../../inostrannyie-yazyiki/352-shkola-s-uglublennyim-izucheniem-nemetskogo-yazyika/index.html,a330,krasnoselskij
"№ 549, школа",../../sredneobrazovatelnaya-shkola/549-shkola/index.html,a348,krasnoselskij
"№ 276, школа",../../sredneobrazovatelnaya-shkola/276-shkola/index.html,a325,krasnoselskij
Лицей искусств «Санкт-Петербург»,../../hudozhestvenno-esteticheskoe-obrazovanie/sankt-peterburg-litsej-iskusstv/index.html,a353,krasnoselskij
"№ 568, школа",../../sredneobrazovatelnaya-shkola/568-shkola/index.html,a349,krasnoselskij
"№ 390, школа",../../sredneobrazovatelnaya-shkola/390-shkola/index.html,a337,krasnoselskij
"№ 285, школа",../../sredneobrazovatelnaya-shkola/285-shkola/index.html,a326,krasnoselskij
"№ 237, школа",../../sredneobrazovatelnaya-shkola/237-shkola/index.html,a317,krasnoselskij
"№ 383, школа",../../sredneobrazovatelnaya-shkola/383-shkola/index.html,a335,krasnoselskij
"№ 252, школа",../../sredneobrazovatelnaya-shkola/252-shkola/index.html,a320,krasnoselskij
"№ 270, школа",../../sredneobrazovatelnaya-shkola/270-shkola/index.html,a322,krasnoselskij
"№ 375, школа",../../sredneobrazovatelnaya-shkola/375-shkola/index.html,a332,krasnoselskij
"№ 200, школа с углубленным изучением финского языка",../../drugie-yazyiki/200-shkola-s-uglublennyim-izucheniem-finskogo-yazyika/index.html,a314,krasnoselskij
"№ 291, школа",../../sredneobrazovatelnaya-shkola/291/index.html,a784,krasnoselskij
"№ 275, школа",../../sredneobrazovatelnaya-shkola/275-shkola/index.html,a324,krasnoselskij
"№ 262, школа",../../sredneobrazovatelnaya-shkola/262-shkola/index.html,a321,krasnoselskij
"№ 385, школа",../../sredneobrazovatelnaya-shkola/385-shkola/index.html,a336,krasnoselskij
"№ 391, школа",../../sredneobrazovatelnaya-shkola/391-shkola/index.html,a338,krasnoselskij
"№ 217, школа",../../sredneobrazovatelnaya-shkola/217-shkola/index.html,a316,krasnoselskij
"№ 208, школа",../../sredneobrazovatelnaya-shkola/208-shkola/index.html,a315,krasnoselskij
"№ 414, школа",../../sredneobrazovatelnaya-shkola/414-shkola/index.html,a343,krasnoselskij
"№ 247, школа",../../sredneobrazovatelnaya-shkola/247-shkola/index.html,a319,krasnoselskij
"№ 546, школа с углубленным изучением предметов художественно-эстетического цикла",../../hudozhestvenno-esteticheskoe-obrazovanie/546-shkola-s-uglublennyim-izucheniem-predmetov-hudozhestvenno-esteticheskogo-tsikla/index.html,a346,krasnoselskij
"№ 394, школа",../../sredneobrazovatelnaya-shkola/394-shkola/index.html,a339,krasnoselskij
"№ 289, школа-интернат",../../sportivnaya-shkola/289-shkola-internat/index.html,a327,krasnoselskij
"№ 290, школа",../../sredneobrazovatelnaya-shkola/290-shkola/index.html,a328,krasnoselskij
"№ 167, центр образования",../../sredneobrazovatelnaya-shkola/167-tsentr-obrazovaniya/index.html,a763,krasnoselskij
"№ 428, начальная школа - детский сад",../../nachalnaya-shkola/428-nachalnaya-shkola-detskij-sad/index.html,a344,krasnoselskij
"№ 675, прогимназия «ТАЛАНТ» для детей дошкольного и младшего школьного возраста",../../nachalnaya-shkola/675-progimnaziya-talant-dlya-detej-doshkolnogo-i-mladshego-shkolnogo-vozrasta/index.html,a351,krasnoselskij
"№ 678, начальная школа - детский сад",../../nachalnaya-shkola/678-nachalnaya-shkola-detskij-sad/index.html,a352,krasnoselskij
"№ 7, коррекционная школа (VII и VIII вида)",../../deti-s-osobennostyami-razvitiya/gbou-sksh-7/index.html,a989,krasnoselskij
"№ 547, школа",../../sredneobrazovatelnaya-shkola/-547-shkola/index.html,a1106,krasnoselskij
"№ 131, коррекционная общеобразовательная школа (VII вида)",../../deti-s-osobennostyami-razvitiya/-131-korrektsionnaya-obscheobrazovatelnaya-shkola-vii-vida/index.html,a1110,krasnoselskij
"№ 422, школа",../../sredneobrazovatelnaya-shkola/422-shkola/index.html,a357,kronshtadtskij
"№ 423, школа",../../sredneobrazovatelnaya-shkola/423-shkola/index.html,a358,kronshtadtskij
"№ 418, школа",../../sredneobrazovatelnaya-shkola/418-shkola/index.html,a356,kronshtadtskij
"№ 425, школа им. академика П. Л. Капицы",../../sredneobrazovatelnaya-shkola/425-shkola-im-akademika-p-l-kapitsyi/index.html,a360,kronshtadtskij
Кронштадтский морской кадетский корпус (КМКК),../../voennoe-uchilische/kronshtadtskij-morskoj-kadetskij-korpus/index.html,a767,kronshtadtskij
"№ 427, школа",../../sredneobrazovatelnaya-shkola/427-shkola/index.html,a361,kronshtadtskij
"№ 424, школа",../../deti-s-osobennostyami-razvitiya/424-sanatornaya-shkola-internat/index.html,a359,kronshtadtskij
"№ 662, начальная школа - детский сад компенсирующего вида для детей с нарушением зрения, речи, с задержкой психического развития",../../deti-s-osobennostyami-razvitiya/662-nachalnaya-shkola-detskij-sad-kompensiruyuschego-vida-dlya-detej-s-narusheniem-zreniya-rechi-s-zaderzhkoj-psihicheskogo-razvitiya/index.html,a362,kronshtadtskij
"Школа ""Аксон""",../../sredneobrazovatelnaya-shkola/shkola-akson/index.html,a764,kronshtadtskij
"№ 676, коррекционная школа",../../deti-s-osobennostyami-razvitiya/676-korrektsionnaya-shkola/index.html,a787,kronshtadtskij
"№ 433, гимназия",../../sredneobrazovatelnaya-shkola/433-shkola/index.html,a364,kurortnyij
"№ 556, школа с углубленным изучением английского языка",../../anglijskij-yazyik/556-shkola-s-uglublennyim-izucheniem-anglijskogo-yazyika/index.html,a374,kurortnyij
"№ 450, школа",../../sredneobrazovatelnaya-shkola/450-shkola/index.html,a371,kurortnyij
"№ 324, школа",../../sredneobrazovatelnaya-shkola/324-shkola/index.html,a363,kurortnyij
"№ 442, школа",../../sredneobrazovatelnaya-shkola/442-shkola/index.html,a368,kurortnyij
"№ 445, лицей",../../sredneobrazovatelnaya-shkola/445-shkola/index.html,a369,kurortnyij
"№ 435, школа",../../sredneobrazovatelnaya-shkola/435-shkola/index.html,a366,kurortnyij
"№ 466, школа",../../sredneobrazovatelnaya-shkola/466-shkola/index.html,a372,kurortnyij
"Школа-интернат ""Олимпийский резерв"" (ГОШИОР)",../../sportivnaya-shkola/shkola-internat-olimpijskij-rezerv-goshi/index.html,a740,kurortnyij
"№ 541, школа",../../sredneobrazovatelnaya-shkola/541-shkola/index.html,a373,kurortnyij
"№ 447, школа",../../sredneobrazovatelnaya-shkola/447-shkola/index.html,a370,kurortnyij
"№ 434, школа",../../sredneobrazovatelnaya-shkola/434-shkola/index.html,a365,kurortnyij
"№ 437, школа",../../sredneobrazovatelnaya-shkola/437-shkola/index.html,a367,kurortnyij
"№ 669, центр образования",../../sredneobrazovatelnaya-shkola/669-shkola/index.html,a742,kurortnyij
"№ 611, школа",../../nachalnaya-shkola/611-shkola/index.html,a375,kurortnyij
"№ 545, школа",../../sredneobrazovatelnaya-shkola/-545-shkola/index.html,a1039,kurortnyij
Академия,../../chastnaya-shkola/akademiya/index.html,a1119,kurortnyij
"№ 366, физико-математический лицей",../../matematika/366-fiziko-matematicheskij-litsej/index.html,a384,moskovskij
"№ 526, гимназия",../../sredneobrazovatelnaya-shkola/526-gimnaziya/index.html,a405,moskovskij
"№ 524, гимназия",../../sredneobrazovatelnaya-shkola/524-gimnaziya/index.html,a401,moskovskij
"№ 525, школа с углубленным изучением английского языка",../../anglijskij-yazyik/525-shkola-s-uglublennyim-izucheniem-anglijskogo-yazyika/index.html,a403,moskovskij
"№ 373, ""Экономический лицей""",../../sredneobrazovatelnaya-shkola/373-shkola/index.html,a387,moskovskij
"№ 371, школа",../../inostrannyie-yazyiki/371-shkola/index.html,a385,moskovskij
"№ 1, школа с углубленным изучением английского языка",../../anglijskij-yazyik/1-shkola-s-uglublennyim-izucheniem-anglijskogo-yazyika/index.html,a376,moskovskij
"№ 643, школа",../../sredneobrazovatelnaya-shkola/643-shkola/index.html,a412,moskovskij
"№ 356, школа с углубленным изучением немецкого языка",../../inostrannyie-yazyiki/356-shkola-s-uglublennyim-izucheniem-nemetskogo-yazyika/index.html,a381,moskovskij
"РИД, частная школа",../../sredneobrazovatelnaya-shkola/rid/index.html,a417,moskovskij
"№ 489, школа",../../sredneobrazovatelnaya-shkola/489-shkola/index.html,a392,moskovskij
"№ 510, школа с углубленным изучением английского языка",../../anglijskij-yazyik/510-shkola-s-uglublennyim-izucheniem-anglijskogo-yazyika/index.html,a398,moskovskij
"№ 544, школа с углубленным изучением английского языка",../../anglijskij-yazyik/544-shkola-s-uglublennyim-izucheniem-anglijskogo-yazyika/index.html,a409,moskovskij
"№ 351, школа с углубленным изучением французского языка",../../frantsuzskij-yazyik/351-shkola-s-uglublennyim-izucheniem-frantsuzskogo-yazyika/index.html,a377,moskovskij
"№ 358, школа",../../sredneobrazovatelnaya-shkola/358-shkola/index.html,a382,moskovskij
"№ 507, школа",../../sredneobrazovatelnaya-shkola/507-shkola/index.html,a395,moskovskij
"№ 485, школа с углубленным изучением французского языка",../../frantsuzskij-yazyik/485-shkola-s-uglublennyim-izucheniem-frantsuzskogo-yazyika/index.html,a391,moskovskij
"№ 536, школа им. народного учителя Т. И. Гончаровой",../../sredneobrazovatelnaya-shkola/536-shkola-im-narodnogo-uchitelya-t-i-goncharovoj/index.html,a406,moskovskij
"№ 354, школа",../../sredneobrazovatelnaya-shkola/354-shkola/index.html,a379,moskovskij
"№ 372, школа",../../sredneobrazovatelnaya-shkola/372-shkola/index.html,a386,moskovskij
"№ 509, школа",../../sredneobrazovatelnaya-shkola/509-shkola/index.html,a397,moskovskij
"""Северная Венеция"", гимназия",../../inostrannyie-yazyiki/gimnaziya-severnaya-venetsiya/index.html,a733,moskovskij
"№ 496, школа",../../sredneobrazovatelnaya-shkola/496-shkola/index.html,a394,moskovskij
"СТУДИУМ, частная общеобразовательная школа с углубленным изучением иностранного языка",../../inostrannyie-yazyiki/studium-chastnaya-obscheobrazovatelnaya-shkola-s-uglublennyim-izucheniem-inostrannogo-yazyika/index.html,a420,moskovskij
"№ 594, школа",../../sredneobrazovatelnaya-shkola/594-shkola/index.html,a410,moskovskij
"№ 519, школа",../../sredneobrazovatelnaya-shkola/519-shkola/index.html,a400,moskovskij
"№ 495, школа",../../sredneobrazovatelnaya-shkola/495-shkola/index.html,a393,moskovskij
"№ 543, школа",../../sredneobrazovatelnaya-shkola/543-shkola/index.html,a408,moskovskij
"№ 508, школа с углубленным изучением предметов образовательных областей «Искусство» и «Технология»",../../hudozhestvenno-esteticheskoe-obrazovanie/508-shkola-s-uglublennyim-izucheniem-predmetov-obrazovatelnyih-oblastej-iskusstvo-i-tehnologiya/index.html,a396,moskovskij
"№ 537, школа",../../sredneobrazovatelnaya-shkola/537-shkola/index.html,a407,moskovskij
"№ 362, школа",../../sredneobrazovatelnaya-shkola/362-shkola/index.html,a383,moskovskij
"№ 355, школа",../../sredneobrazovatelnaya-shkola/355-shkola/index.html,a380,moskovskij
"№ 484, школа (кадетские классы)",../../voennoe-uchilische/484-shkola-kadetskie-klassyi/index.html,a390,moskovskij
"№ 353, школа",../../sredneobrazovatelnaya-shkola/353-shkola/index.html,a378,moskovskij
"№ 2, центр образования",../../sredneobrazovatelnaya-shkola/2-tsentr-obrazovaniya/index.html,a760,moskovskij
"№ 374, школа (кадетский класс)",../../voennoe-uchilische/374-shkola-kadetskij-klass/index.html,a388,moskovskij
"№ 684, школа «БЕРЕГИНЯ»",../../nachalnaya-shkola/684-nachalnaya-shkola-detskij-sad-bereginya/index.html,a414,moskovskij
"№ 698, прогимназия «ПАНСИОН»",../../nachalnaya-shkola/698-progimnaziya-pansion/index.html,a415,moskovskij
"САША, сад-лицей",../../nachalnaya-shkola/sasha-sad-litsej/index.html,a416,moskovskij
"ТЕТ-А-ТЕТ, частная школа",../../sredneobrazovatelnaya-shkola/tet-a-tet-shkola/index.html,a419,moskovskij
УЧИМСЯ ВМЕСТЕ,../../sredneobrazovatelnaya-shkola/uchimsya-vmeste/index.html,a421,moskovskij
"№ 663, школа",../../deti-s-osobennostyami-razvitiya/shkola-663/index.html,a802,moskovskij
"№ 376, школа",../../sredneobrazovatelnaya-shkola/-376-shkola/index.html,a1093,moskovskij
"№ 370, cпециальная (коррекционная) школа",../../deti-s-osobennostyami-razvitiya/-370-shkola/index.html,a1111,moskovskij
Кадетский ракетно-артиллерийский корпус (КРАК) [ЗАКРЫТА],../../voennoe-uchilische/kadetskij-raketno-artillerijskij-korpus/index.html,a766,moskovskij
"№ 627, школа [ЗАКРЫТА]",../../deti-s-osobennostyami-razvitiya/627-shkola/index.html,a741,moskovskij
"№ 637, школа [ЗАКРЫТА]",../../sredneobrazovatelnaya-shkola/637-shkola/index.html,a411,moskovskij
"№ 482, школа [ЗАКРЫТА]",../../sredneobrazovatelnaya-shkola/482-shkola/index.html,a389,moskovskij
"№ 670, школа [ЗАКРЫТА]",../../sredneobrazovatelnaya-shkola/670-shkola/index.html,a413,moskovskij
"№ 344, физико-математический лицей",../../matematika/344-fiziko-matematicheskij-litsej/index.html,a447,nevskij
"№ 347, школа с углубленным изучением английского языка",../../anglijskij-yazyik/347-shkola-s-uglublennyim-izucheniem-anglijskogo-yazyika/index.html,a450,nevskij
"№ 329, лицей",../../sredneobrazovatelnaya-shkola/329-litsej/index.html,a433,nevskij
"№ 639, школа с углубленным изучением иностранных языков",../../inostrannyie-yazyiki/639-shkola-s-uglublennyim-izucheniem-inostrannyih-yazyikov/index.html,a471,nevskij
"№ 23, школа с углубленным изучением финского языка",../../drugie-yazyiki/23-shkola-s-uglublennyim-izucheniem-finskogo-yazyika/index.html,a425,nevskij
"№ 593, школа с углубленным изучением английского языка",../../anglijskij-yazyik/593-shkola-s-uglublennyim-izucheniem-anglijskogo-yazyika/index.html,a469,nevskij
"№ 528, гимназия",../../anglijskij-yazyik/528-gimnaziya/index.html,a460,nevskij
"№ 498, гимназия",../../sredneobrazovatelnaya-shkola/498-gimnaziya/index.html,a455,nevskij
"№ 13, школа с углубленным изучением английского языка",../../anglijskij-yazyik/13-shkola-s-uglublennyim-izucheniem-anglijskogo-yazyika/index.html,a422,nevskij
"№ 348, школа",../../sredneobrazovatelnaya-shkola/348-shkola/index.html,a451,nevskij
"№ 557, школа",../../sredneobrazovatelnaya-shkola/557-shkola/index.html,a461,nevskij
"№ 571, школа с углубленным изучением английского языка",../../anglijskij-yazyik/571-shkola-s-uglublennyim-izucheniem-anglijskogo-yazyika/index.html,a464,nevskij
"№ 330, гимназия",../../sredneobrazovatelnaya-shkola/330-gimnaziya/index.html,a434,nevskij
"№ 345, школа",../../sredneobrazovatelnaya-shkola/345-shkola/index.html,a448,nevskij
"№ 331, школа",../../sredneobrazovatelnaya-shkola/331-shkola/index.html,a435,nevskij
"№ 641, школа с углубленным изучением английского языка",../../anglijskij-yazyik/641-shkola-s-uglublennyim-izucheniem-anglijskogo-yazyika/index.html,a472,nevskij
"№ 625, школа с углубленным изучением математики",../../matematika/625-shkola-s-uglublennyim-izucheniem-matematiki/index.html,a470,nevskij
"№ 343, гимназия",../../drugoe/343-gimnaziya-kollektivnyij-chlen-maneb-mezhdunarodnaya-akademiya-nauk-ekologii-i-bezopasnosti-zhiznedeyatelnosti/index.html,a446,nevskij
"№ 328, школа с углубленным изучением английского языка",../../anglijskij-yazyik/328-shkola-s-uglublennyim-izucheniem-anglijskogo-yazyika/index.html,a432,nevskij
"№ 497, школа",../../sredneobrazovatelnaya-shkola/497-shkola/index.html,a454,nevskij
"№ 570, школа",../../sredneobrazovatelnaya-shkola/570-shkola/index.html,a463,nevskij
"№ 346, школа",../../sredneobrazovatelnaya-shkola/346-shkola/index.html,a449,nevskij
"№ 569, школа",../../sredneobrazovatelnaya-shkola/569-shkola/index.html,a462,nevskij
"№ 268, школа",../../sredneobrazovatelnaya-shkola/268-shkola/index.html,a428,nevskij
"№ 326, школа",../../sredneobrazovatelnaya-shkola/326-shkola/index.html,a430,nevskij
"ПРАЗДНИК+, культурологическая школа индивидуального развития полного среднего образования",../../sredneobrazovatelnaya-shkola/prazdnik-kulturologicheskaya-shkola-individualnogo-razvitiya-polnogo-srednego-obrazovaniya/index.html,a476,nevskij
"№ 342, школа",../../sredneobrazovatelnaya-shkola/342-shkola/index.html,a445,nevskij
"№ 337, школа",../../sredneobrazovatelnaya-shkola/337-shkola/index.html,a440,nevskij
"№ 572, лицей",../../sredneobrazovatelnaya-shkola/572-litsej/index.html,a465,nevskij
"№ 332, школа",../../sredneobrazovatelnaya-shkola/332-shkola/index.html,a436,nevskij
"№ 591, школа",../../sredneobrazovatelnaya-shkola/591-shkola/index.html,a467,nevskij
"№ 667, школа",../../sredneobrazovatelnaya-shkola/667-shkola/index.html,a473,nevskij
Лицей при СПбГУТ,../../drugoe/litsej-pri-spbgut/index.html,a786,nevskij
"№ 341, школа",../../sredneobrazovatelnaya-shkola/341-shkola/index.html,a444,nevskij
"№ 513, гимназия (испанский, английский языки)",../../inostrannyie-yazyiki/513-gimnaziya-ispanskij-anglijskij-yazyiki/index.html,a457,nevskij
"№ 20, школа",../../sredneobrazovatelnaya-shkola/020-shkola/index.html,a424,nevskij
"№ 327, школа",../../sredneobrazovatelnaya-shkola/327-shkola/index.html,a431,nevskij
"№ 26, школа с углубленным изучением французского языка",../../pravo/26-shkola-s-uglublennyim-izucheniem-frantsuzskogo-yazyika/index.html,a426,nevskij
"№ 574, школа",../../sredneobrazovatelnaya-shkola/574-shkola/index.html,a466,nevskij
"№ 323, школа, культурно-образовательный центр «ОККЕРВИЛЬ»",../../sredneobrazovatelnaya-shkola/323-shkola-kulturno-obrazovatelnyij-tsentr-okkervil/index.html,a429,nevskij
"№ 339, школа",../../sredneobrazovatelnaya-shkola/339-shkola/index.html,a442,nevskij
"ШАНС, школа индивидуального обучения",../../sredneobrazovatelnaya-shkola/shans-shkola-individualnogo-obucheniya/index.html,a477,nevskij
"№ 334, школа",../../sredneobrazovatelnaya-shkola/334-shkola/index.html,a438,nevskij
"№ 527, школа, ресурсный центр городского уровня по гражданско-правовому образованию",../../anglijskij-yazyik/527-shkola-resursnyij-tsentr-gorodskogo-urovnya-po-grazhdansko-pravovomu-obrazovaniyu/index.html,a459,nevskij
"№ 338, школа",../../sredneobrazovatelnaya-shkola/338-shkola/index.html,a441,nevskij
"№ 350, школа (кадетский класс)",../../voennoe-uchilische/350-shkola-kadetskij-klass/index.html,a452,nevskij
"№ 458, школа с углубленным изучением немецкого языка",../../inostrannyie-yazyiki/458-shkola-s-uglublennyim-izucheniem-nemetskogo-yazyika/index.html,a453,nevskij
"№ 39, школа",../../sredneobrazovatelnaya-shkola/39-shkola/index.html,a427,nevskij
"№ 14, школа",../../sredneobrazovatelnaya-shkola/14-shkola/index.html,a423,nevskij
"№ 512, школа",../../sredneobrazovatelnaya-shkola/512-shkola/index.html,a456,nevskij
"№ 340, школа",../../sredneobrazovatelnaya-shkola/340-shkola/index.html,a443,nevskij
"№ 24, школа-интернат для детей-сирот",../../drugoe/24-shkola-internat-dlya-detej-sirot/index.html,a785,nevskij
"№ 516, школа",../../sredneobrazovatelnaya-shkola/516-shkola/index.html,a458,nevskij
"№ 333, школа",../../sredneobrazovatelnaya-shkola/333-shkola/index.html,a437,nevskij
"№ 592, школа",../../sredneobrazovatelnaya-shkola/592-shkola/index.html,a468,nevskij
Православная общеобразовательная ГИМНАЗИЯ СВЯТОГО БЛАГОВЕРНОГО АЛЕКСАНДРА НЕВСКОГО,../../drugoe/pravoslavnaya-obscheobrazovatelnaya-gimnaziya-svyatogo-blagovernogo-aleksandra-nevskogo/index.html,a478,nevskij
"№ 336, школа",../../sredneobrazovatelnaya-shkola/336-shkola/index.html,a439,nevskij
"№ 133, центр образования",../../sredneobrazovatelnaya-shkola/133-tsentr-obrazovaniya/index.html,a757,nevskij
"№ 689, начальная школа",../../nachalnaya-shkola/689-shkola/index.html,a475,nevskij
"№ 17, специальная (коррекционная) школа VIII вида",../../deti-s-osobennostyami-razvitiya/-17-spetsialnaya-korrektsionnaya-shkola-viii-vida/index.html,a1113,nevskij
"№ 610, классическая гимназия",../../anglijskij-yazyik/610-klassicheskaya-gimnaziya/index.html,a495,petrogradskij
"№ 56, гимназия",../../biologiya/56-gimnaziya/index.html,a483,petrogradskij
"№ 67, гимназия",../../sredneobrazovatelnaya-shkola/67-gimnaziya/index.html,a484,petrogradskij
"№ 80, школа с углубленным изучением английского языка",../../anglijskij-yazyik/80-shkola-s-uglublennyim-izucheniem-anglijskogo-yazyika/index.html,a488,petrogradskij
"№ 77, школа с углубленным изучением химии",../../himiya/77-shkola-s-uglublennyim-izucheniem-himii/index.html,a487,petrogradskij
"№ 70, гимназия",../../sredneobrazovatelnaya-shkola/70-gimnaziya/index.html,a485,petrogradskij
"№ 85, гимназия",../../sredneobrazovatelnaya-shkola/85-gimnaziya/index.html,a732,petrogradskij
"Средняя общеобразовательная школа Института специальной педагогики и психологии им. Р. Валленберга ""Бобренок""",../../sredneobrazovatelnaya-shkola/43-srednyaya-obscheobrazovatelnaya-shkola-instituta-spetsialnoj-pedagogiki-i-psihologii-im-r-vallenberga/index.html,a497,petrogradskij
"№ 82, естественно-научный лицей",../../anglijskij-yazyik/82-estestvenno-nauchnyij-litsej/index.html,a489,petrogradskij
"РИД, частная школа",../../sredneobrazovatelnaya-shkola/rid/index.html,a417,petrogradskij
"ГЁТЕ-ШУЛЕ, немецкая школа",../../inostrannyie-yazyiki/gyote-shule-nemetskaya-shkola/index.html,a498,petrogradskij
"№ 51, школа",../../sredneobrazovatelnaya-shkola/51-shkola/index.html,a481,petrogradskij
"№ 75, школа с углубленным изучением немецкого языка",../../inostrannyie-yazyiki/75-shkola-s-uglublennyim-izucheniem-nemetskogo-yazyika/index.html,a486,petrogradskij
"№ 86, школа",../../sredneobrazovatelnaya-shkola/86-shkola/index.html,a491,petrogradskij
"№ 224, школа ""Шамир""",../../drugoe/224-pervaya-evrejskaya-shkola/index.html,a499,petrogradskij
"№ 47, школа им. Д. С. Лихачева",../../sredneobrazovatelnaya-shkola/47-shkola-im-d-s-lihacheva/index.html,a479,petrogradskij
Нахимовское Военно-Морское училище,../../voennoe-uchilische/nahimovskoe-voenno-morskoe-uchilische/index.html,a737,petrogradskij
"№ 87, школа",../../sredneobrazovatelnaya-shkola/87-shkola/index.html,a492,petrogradskij
"№ 91, школа",../../sredneobrazovatelnaya-shkola/91-shkola/index.html,a493,petrogradskij
"№ 84, школа, ресурсный центр городского уровня по гражданско-правовому образованию",../../pravo/84-shkola-resursnyij-tsentr-gorodskogo-urovnya-po-grazhdansko-pravovomu-obrazovaniyu/index.html,a490,petrogradskij
Санкт-Петербургский институт экономики и управления (СПбИЭУ),../../drugoe/sankt-peterburgskij-institut-ekonomiki-i-upravleniya/index.html,a809,petrogradskij
"№ 50, школа",../../sredneobrazovatelnaya-shkola/50-shkola/index.html,a480,petrogradskij
"№ 55, школа",../../sredneobrazovatelnaya-shkola/55-shkola/index.html,a482,petrogradskij
"№ 173, центр образования",../../drugoe/173-tsentr-obrazovaniya/index.html,a494,petrogradskij
ХРИСТИАНСКАЯ ШКОЛА им. И. В. Каргеля и Ф. В. Бедекера,../../drugoe/hristianskaya-shkola-im-i-v-kargelya-i-f-v-bedekera/index.html,a500,petrogradskij
"№ 3, коррекционная школа VII вида",../../deti-s-osobennostyami-razvitiya/3-korrektsionnaya-obrazovatelnaya-shkola-vii-vida/index.html,a775,petrogradskij
"Гранатик, начальная частная школа",../../nachalnaya-shkola/granatik-nachalnaya-chastnaya-shkola/index.html,a1121,petrogradskij
Военно-космический Петра Великого кадетский корпус (ВКПВКК) [ЗАКРЫТА],../../voennoe-uchilische/voenno-kosmicheskij-petra-velikogo-kadetskij-korpus/index.html,a768,petrogradskij
Академическая гимназия СПбГУ,../../biologiya/akademicheskaya-gimnaziya-sankt-peterburgskogo-gosudarstvennogo-universiteta-43/index.html,a43,petrodvortsovyij
"№ 426, гимназия",../../sredneobrazovatelnaya-shkola/426-gimnaziya/index.html,a509,petrodvortsovyij
"№ 419, лицей",../../sredneobrazovatelnaya-shkola/419-litsej/index.html,a508,petrodvortsovyij
"№ 415, Петергофская гимназия императора Александра II",../../sredneobrazovatelnaya-shkola/petergofskaya-gimnaziya-imperatora-aleksandra-ii/index.html,a520,petrodvortsovyij
"Элитная гимназия ""Михайловская""",../../sredneobrazovatelnaya-shkola/elitnaya-gimnaziya-mihajlovskaya/index.html,a522,petrodvortsovyij
"№ 412, школа",../../sredneobrazovatelnaya-shkola/412-shkola/index.html,a504,petrodvortsovyij
"№ 411, школа «ГАРМОНИЯ» с углубленным изучением английского языка",../../anglijskij-yazyik/411-shkola-garmoniya-s-uglublennyim-izucheniem-anglijskogo-yazyika/index.html,a503,petrodvortsovyij
"№ 416, школа развития личности им. В. В. Павловой",../../sredneobrazovatelnaya-shkola/416-shkola-razvitiya-lichnosti-im-v-v-pavlovoj/index.html,a506,petrodvortsovyij
"№ 567, школа",../../sredneobrazovatelnaya-shkola/567-shkola/index.html,a515,petrodvortsovyij
"№ 529, школа",../../sredneobrazovatelnaya-shkola/529-shkola/index.html,a513,petrodvortsovyij
"№ 421, школа",../../sredneobrazovatelnaya-shkola/421-shkola/index.html,a797,petrodvortsovyij
"№ 430, школа",../../sredneobrazovatelnaya-shkola/430-shkola/index.html,a511,petrodvortsovyij
"№ 429, школа",../../sredneobrazovatelnaya-shkola/429-shkola/index.html,a510,petrodvortsovyij
"№ 436, школа",../../sredneobrazovatelnaya-shkola/436-shkola/index.html,a512,petrodvortsovyij
"№ 413, школа",../../sredneobrazovatelnaya-shkola/413-shkola/index.html,a505,petrodvortsovyij
"№ 602, школа",../../sredneobrazovatelnaya-shkola/602-shkola/index.html,a516,petrodvortsovyij
"№ 417, школа",../../sredneobrazovatelnaya-shkola/417-shkola/index.html,a507,petrodvortsovyij
"№ 319, школа",../../sredneobrazovatelnaya-shkola/319-shkola/index.html,a502,petrodvortsovyij
"№ 542, школа",../../sredneobrazovatelnaya-shkola/542-shkola/index.html,a514,petrodvortsovyij
"№ 671, центр образования",../../drugoe/671-tsentr-obrazovaniya/index.html,a517,petrodvortsovyij
"№ 49, коррекционная школа (VI вида)",../../deti-s-osobennostyami-razvitiya/-49-korrektsionnaya-shkola-vi-vida/index.html,a1095,petrodvortsovyij
"№ 439, школа",../../sredneobrazovatelnaya-shkola/-439-shkola/index.html,a1109,petrodvortsovyij
Кадетский корпус железнодорожных войск (ККЖДВ) [ЗАКРЫТА],../../voennoe-uchilische/kadetskij-korpus-zheleznodorozhnyih-vojsk/index.html,a769,petrodvortsovyij
"№ 116, гимназия",../../inostrannyie-yazyiki/116-gimnaziya/index.html,a540,primorskij
"№ 64, лицей",../../sredneobrazovatelnaya-shkola/64-litsej/index.html,a536,primorskij
"№ 631, гимназия глобального гуманитарного образования",../../sredneobrazovatelnaya-shkola/631-gimnaziya-globalnogo-gumanitarnogo-obrazovaniya/index.html,a562,primorskij
"№ 52, гимназия",../../sredneobrazovatelnaya-shkola/52-gimnaziya/index.html,a532,primorskij
"ГРАН, частная школа",../../sredneobrazovatelnaya-shkola/gran-chastnaya-shkola/index.html,a572,primorskij
"№ 540, гимназия",../../anglijskij-yazyik/gimnaziya--540/index.html,a846,primorskij
"№ 66, гимназия",../../sredneobrazovatelnaya-shkola/66-gimnaziya/index.html,a537,primorskij
"№ 597, лицей",../../sredneobrazovatelnaya-shkola/597-litsej/index.html,a555,primorskij
"№ 46, школа с углубленным изучением английского языка",../../anglijskij-yazyik/46-shkola-s-uglublennyim-izucheniem-anglijskogo-yazyika/index.html,a746,primorskij
"№ 49, гимназия",../../sredneobrazovatelnaya-shkola/49-gimnaziya/index.html,a531,primorskij
"№ 106, школа",../../sredneobrazovatelnaya-shkola/106-shkola/index.html,a752,primorskij
"№ 644, школа",../../sredneobrazovatelnaya-shkola/644-shkola/index.html,a566,primorskij
"№ 42, гимназия",../../sredneobrazovatelnaya-shkola/42-gimnaziya/index.html,a526,primorskij
"№ 554, лицей",../../sredneobrazovatelnaya-shkola/554-litsej/index.html,a545,primorskij
"№ 41, гимназия им. Эриха Кестнера с углубленным изучением немецкого языка",../../nemetskij-yazyik/41-gimnaziya-s-uglublennyim-izucheniem-nemetskogo-yazyika/index.html,a525,primorskij
"№ 634, школа с углубленным изучением английского языка",../../anglijskij-yazyik/634-shkola-s-uglublennyim-izucheniem-anglijskogo-yazyika/index.html,a563,primorskij
"№ 246, школа",../../sredneobrazovatelnaya-shkola/246-shkola/index.html,a753,primorskij
"№ 598, школа с углубленным изучением математики",../../matematika/598-shkola-s-uglublennyim-izucheniem-matematiki/index.html,a556,primorskij
"№ 53, школа",../../sredneobrazovatelnaya-shkola/53-shkola/index.html,a533,primorskij
"№ 618, школа",../../sredneobrazovatelnaya-shkola/618-shkola/index.html,a561,primorskij
"№ 113, школа",../../sredneobrazovatelnaya-shkola/113-shkola/index.html,a539,primorskij
"№ 40, лицей",../../sredneobrazovatelnaya-shkola/40-litsej/index.html,a524,primorskij
"№ 640, школа",../../sredneobrazovatelnaya-shkola/640-shkola/index.html,a565,primorskij
"№ 582, школа с углубленным изучением английского и финского языков",../../anglijskij-yazyik/582-shkola-s-uglublennyim-izucheniem-anglijskogo-i-finskogo-yazyikov/index.html,a551,primorskij
ДОВЕРИЕ,../../nachalnaya-shkola/doverie/index.html,a578,primorskij
"№ 43, лингвистическая школа с углубленным изучением иностранных языков",../../inostrannyie-yazyiki/43-lingvisticheskaya-shkola-s-uglublennyim-izucheniem-inostrannyih-yazyikov/index.html,a527,primorskij
"№ 683, школа",../../sredneobrazovatelnaya-shkola/683-shkola/index.html,a568,primorskij
"№ 583, школа с углубленным изучением английского и японского языков",../../anglijskij-yazyik/583-shkola-s-uglublennyim-izucheniem-anglijskogo-i-yaponskogo-yazyikov/index.html,a552,primorskij
"№ 617, школа",../../sredneobrazovatelnaya-shkola/617-shkola/index.html,a560,primorskij
"№ 38, школа",../../sredneobrazovatelnaya-shkola/38-shkola/index.html,a523,primorskij
"№ 635, школа",../../sredneobrazovatelnaya-shkola/635-shkola/index.html,a564,primorskij
"№ 580, школа",../../sredneobrazovatelnaya-shkola/580-shkola/index.html,a549,primorskij
"№ 555, школа «БЕЛОГОРЬЕ» с углубленным изучением английского языка",../../anglijskij-yazyik/555-shkola-belogore-s-uglublennyim-izucheniem-anglijskogo-yazyika/index.html,a546,primorskij
"№ 45, школа с углубленным изучением математики",../../matematika/45-shkola-s-uglublennyim-izucheniem-matematiki/index.html,a529,primorskij
"№ 595, школа",../../sredneobrazovatelnaya-shkola/595-shkola/index.html,a553,primorskij
"№ 253, школа",../../sredneobrazovatelnaya-shkola/253-shkola/index.html,a541,primorskij
Международная гимназия Ольгино,../../sredneobrazovatelnaya-shkola/mezhdunarodnyij-litsej-sankt-peterburgskogo-gumanitarnogo-universiteta-profsoyuzov/index.html,a573,primorskij
"№ 579, школа",../../sredneobrazovatelnaya-shkola/579-shkola/index.html,a548,primorskij
"№ 688, школа для детей с ослабленным здоровьем и сохранным интеллектом",../../deti-s-osobennostyami-razvitiya/688-shkola-dlya-bolnyih-detej-i-detej-s-oslablennyim-zdorovem-s-sohrannyim-intellektom-po-meditsinskim-pokazaniyam/index.html,a570,primorskij
"№ 44, школа (восточные языки)",../../sredneobrazovatelnaya-shkola/44-shkola/index.html,a528,primorskij
НОУ ЛИЦЕЙ,../../nachalnaya-shkola/litsej/index.html,a579,primorskij
"ЛИДЕР, школа",../../sredneobrazovatelnaya-shkola/lider-shkola/index.html,a577,primorskij
"№ 320, школа",../../sredneobrazovatelnaya-shkola/320-shkola/index.html,a696,primorskij
"№ 600, школа с углубленным изучением английского языка",../../anglijskij-yazyik/600-shkola-s-uglublennyim-izucheniem-anglijskogo-yazyika/index.html,a558,primorskij
"№ 655, школа",../../sredneobrazovatelnaya-shkola/-655-shkola/index.html,a851,primorskij
"№ 57, школа",../../sredneobrazovatelnaya-shkola/57-shkola/index.html,a534,primorskij
"№ 601, школа",../../sredneobrazovatelnaya-shkola/601-shkola/index.html,a559,primorskij
"№ 581, школа",../../sredneobrazovatelnaya-shkola/581-litsej/index.html,a550,primorskij
"№ 599, школа",../../sredneobrazovatelnaya-shkola/599-shkola/index.html,a557,primorskij
"№ 630, школа",../../sredneobrazovatelnaya-shkola/630-shkola/index.html,a782,primorskij
"№ 661, школа",../../sredneobrazovatelnaya-shkola/661-shkola/index.html,a567,primorskij
"№ 578, школа",../../sredneobrazovatelnaya-shkola/578-shkola/index.html,a547,primorskij
"№ 58, школа",../../sredneobrazovatelnaya-shkola/58-shkola/index.html,a535,primorskij
"№ 596, школа с углубленным изучением французского языка",../../frantsuzskij-yazyik/596-shkola-s-uglublennyim-izucheniem-frantsuzskogo-yazyika/index.html,a554,primorskij
"№ 438, школа",../../sredneobrazovatelnaya-shkola/438-shkola/index.html,a543,primorskij
"№ 48, школа",../../sredneobrazovatelnaya-shkola/48-shkola/index.html,a530,primorskij
"№ 357, школа-интернат «Олимпийские надежды»",../../sportivnaya-shkola/357-shkola-internat-olimpijskie-nadezhdyi/index.html,a542,primorskij
"№ 109, школа",../../sredneobrazovatelnaya-shkola/109-shkola/index.html,a538,primorskij
"№ 440, школа",../../sredneobrazovatelnaya-shkola/440-shkola/index.html,a544,primorskij
"№ 697, центр образования",../../sredneobrazovatelnaya-shkola/697-tsentr-obrazovaniya/index.html,a761,primorskij
Бизнес-школа «ДЕЛОВАЯ ВОЛНА»,../../sredneobrazovatelnaya-shkola/biznes-shkola-delovaya-volna/index.html,a34,primorskij
"№ 696, начальная школа - детский сад",../../nachalnaya-shkola/696-nachalnaya-shkola-detskij-sad/index.html,a571,primorskij
"ГРААЛЬ, частная школа",../../sredneobrazovatelnaya-shkola/graal-chastnaya-shkola/index.html,a574,primorskij
"№ 682, начальная школа - детский сад",../../nachalnaya-shkola/-682-nachalnaya-shkola-detskij-sad/index.html,a1112,primorskij
Школа им. А. М. Горчакова,../../sredneobrazovatelnaya-shkola/shkola-im-a-m-gorchakova/index.html,a602,pushkinskij
"№ 530, школа с углубленным изучением предметов естественно-математического цикла",../../matematika/530-shkola-s-uglublennyim-izucheniem-predmetov-estestvenno-matematicheskogo-tsikla/index.html,a596,pushkinskij
"№ 410, лицей",../../sredneobrazovatelnaya-shkola/410-shkola/index.html,a589,pushkinskij
"№ 406, гимназия",../../sredneobrazovatelnaya-shkola/406-gimnaziya/index.html,a585,pushkinskij
"№ 606, школа с углубленным изучением английского языка",../../anglijskij-yazyik/606-shkola-s-uglublennyim-izucheniem-anglijskogo-yazyika/index.html,a598,pushkinskij
"№ 335, школа",../../sredneobrazovatelnaya-shkola/335-shkola/index.html,a734,pushkinskij
"№ 297, школа",../../sredneobrazovatelnaya-shkola/297-shkola/index.html,a582,pushkinskij
"№ 511, школа",../../sredneobrazovatelnaya-shkola/-511-shkola/index.html,a819,pushkinskij
"№ 408, лицей",../../sredneobrazovatelnaya-shkola/408-litsej/index.html,a587,pushkinskij
"№ 403, школа",../../sredneobrazovatelnaya-shkola/403-shkola/index.html,a584,pushkinskij
"№ 500, школа",../../hudozhestvenno-esteticheskoe-obrazovanie/-500-shkola/index.html,a595,pushkinskij
"№ 477, школа с углубленным изучением предметов художественно-эстетического цикла",../../hudozhestvenno-esteticheskoe-obrazovanie/477-shkola-s-uglublennyim-izucheniem-predmetov-hudozhestvenno-esteticheskogo-tsikla/index.html,a594,pushkinskij
"№ 638, школа",../../sredneobrazovatelnaya-shkola/638-shkola/index.html,a599,pushkinskij
Кадетская школа,../../voennoe-uchilische/kadetskaya-shkola/index.html,a798,pushkinskij
Первый пограничный кадетский корпус Федеральной службы безопасности РФ (ППКК ФСБ),../../voennoe-uchilische/pervyij-pogranichnyij-kadetskij-korpus-federalnoj-sluzhbyi-bezopasnosti-rf-ppkk-fsb/index.html,a810,pushkinskij
"№ 409, школа",../../sredneobrazovatelnaya-shkola/409-shkola/index.html,a588,pushkinskij
"№ 459, школа",../../sredneobrazovatelnaya-shkola/459-shkola/index.html,a590,pushkinskij
"№ 464, школа",../../sredneobrazovatelnaya-shkola/464-shkola/index.html,a593,pushkinskij
"№ 552, школа",../../sredneobrazovatelnaya-shkola/552-shkola/index.html,a597,pushkinskij
"№ 407, школа",../../sredneobrazovatelnaya-shkola/407-shkola/index.html,a586,pushkinskij
"№ 315, школа",../../sredneobrazovatelnaya-shkola/315-shkola/index.html,a583,pushkinskij
"№ 462, школа",../../sredneobrazovatelnaya-shkola/462-shkola/index.html,a592,pushkinskij
"№ 650, центр образования",../../sredneobrazovatelnaya-shkola/650-shkola/index.html,a800,pushkinskij
"№ 460, школа",../../sredneobrazovatelnaya-shkola/460-shkola/index.html,a591,pushkinskij
"№ 695, школа",../../nachalnaya-shkola/695-nachalnaya-shkola/index.html,a600,pushkinskij
ГУМАНИТАРИЙ,../../sredneobrazovatelnaya-shkola/gumanitarij/index.html,a601,pushkinskij
"№ 8, школа-интернат (VII вида)",../../deti-s-osobennostyami-razvitiya/8shkola-internat-dlya-detej-s-otkloneniyami-v-razvitii/index.html,a781,pushkinskij
"№ 607, школа",../../sredneobrazovatelnaya-shkola/-607-shkola/index.html,a1105,pushkinskij
"№ 16, школа-интернат (VIII вида)",../../deti-s-osobennostyami-razvitiya/-16-shkola-internat/index.html,a1107,pushkinskij
"№ 93, школа",../../sredneobrazovatelnaya-shkola/-93-shkola/index.html,a1108,pushkinskij
"№ 645, школа",../../sredneobrazovatelnaya-shkola/-645-shkola/index.html,a1114,pushkinskij
"№604, школа",../../sredneobrazovatelnaya-shkola/604-shkola/index.html,a1115,pushkinskij
"№ 257, школа",../../sredneobrazovatelnaya-shkola/-257-shkola/index.html,a1117,pushkinskij
"№ 292, школа с углубленным изучением математики",../../matematika/292-shkola-s-uglublennyim-izucheniem-matematiki/index.html,a615,frunzenskij
"№ 316, школа с углубленным изучением английского языка",../../anglijskij-yazyik/316-shkola-s-uglublennyim-izucheniem-anglijskogo-yazyika/index.html,a629,frunzenskij
"№ 213, школа с углубленным изучением английского языка",../../anglijskij-yazyik/213-shkola-s-uglublennyim-izucheniem-anglijskogo-yazyika/index.html,a608,frunzenskij
"№ 365, школа",../../sredneobrazovatelnaya-shkola/365-shkola/index.html,a637,frunzenskij
"№ 587, гимназия",../../sredneobrazovatelnaya-shkola/587-gimnaziya/index.html,a646,frunzenskij
"№ 205, гимназия с углубленным изучением испанского языка",../../drugie-yazyiki/205-gimnaziya-s-uglublennyim-izucheniem-ispanskogo-yazyika/index.html,a606,frunzenskij
"№ 230, школа с углубленным изучением химии и биологии",../../biologiya/230-shkola-s-uglublennyim-izucheniem-himii-i-biologii/index.html,a613,frunzenskij
"№ 363, гимназия",../../sredneobrazovatelnaya-shkola/363-gimnaziya/index.html,a635,frunzenskij
"№ 295, гимназия",../../sredneobrazovatelnaya-shkola/295-gimnaziya/index.html,a616,frunzenskij
"№ 318, школа с углубленным изучением итальянского языка",../../drugie-yazyiki/318-shkola-s-uglublennyim-izucheniem-italyanskogo-yazyika/index.html,a630,frunzenskij
"№ 441, гимназия",../../sredneobrazovatelnaya-shkola/441-gimnaziya/index.html,a641,frunzenskij
"№ 553, школа с углубленным изучением английского языка",../../anglijskij-yazyik/553-shkola-s-uglublennyim-izucheniem-anglijskogo-yazyika/index.html,a645,frunzenskij
"№ 303, школа им. Ф. Шиллера с углубленным изучением немецкого языка",../../inostrannyie-yazyiki/303-shkola-im-f-shillera-s-uglublennyim-izucheniem-nemetskogo-yazyika/index.html,a622,frunzenskij
"№ 227, гимназия",../../sredneobrazovatelnaya-shkola/227-gimnaziya/index.html,a612,frunzenskij
"№ 299, лицей",../../sredneobrazovatelnaya-shkola/299-litsej/index.html,a619,frunzenskij
"№ 311, школа с углубленным изучением физики",../../fizika/311-shkola-s-uglublennyim-izucheniem-fiziki/index.html,a625,frunzenskij
"№ 226, экономический лицей",../../sredneobrazovatelnaya-shkola/226-litsej/index.html,a611,frunzenskij
"№ 368, школа с углубленным изучением английского языка",../../anglijskij-yazyik/368-shkola-s-uglublennyim-izucheniem-anglijskogo-yazyika/index.html,a639,frunzenskij
"№ 236, школа",../../sredneobrazovatelnaya-shkola/236-shkola/index.html,a614,frunzenskij
"№ 201, школа",../../sredneobrazovatelnaya-shkola/201-shkola/index.html,a604,frunzenskij
"№ 298, школа",../../sredneobrazovatelnaya-shkola/298-shkola/index.html,a618,frunzenskij
"№ 360, школа",../../sredneobrazovatelnaya-shkola/360-shkola/index.html,a634,frunzenskij
"№ 448, школа для леворуких и слабовидящих детей",../../deti-s-osobennostyami-razvitiya/448-shkola-dlya-levorukih-i-slabovidyaschih-detej/index.html,a644,frunzenskij
"№ 296, школа",../../sredneobrazovatelnaya-shkola/296-shkola/index.html,a617,frunzenskij
"№ 312, школа с углубленным изучением французского языка",../../frantsuzskij-yazyik/312-shkola-s-uglublennyim-izucheniem-frantsuzskogo-yazyika/index.html,a626,frunzenskij
"№ 218, школа",../../sredneobrazovatelnaya-shkola/218-shkola/index.html,a610,frunzenskij
"№ 603, школа",../../sredneobrazovatelnaya-shkola/603-shkola/index.html,a647,frunzenskij
"№ 444, школа",../../sredneobrazovatelnaya-shkola/444-shkola/index.html,a643,frunzenskij
"№ 367, школа",../../sredneobrazovatelnaya-shkola/367-shkola/index.html,a638,frunzenskij
"№ 325, школа",../../sredneobrazovatelnaya-shkola/325-shkola/index.html,a632,frunzenskij
"№ 302, школа",../../sredneobrazovatelnaya-shkola/302-shkola/index.html,a621,frunzenskij
"№ 359, школа",../../sredneobrazovatelnaya-shkola/359-shkola/index.html,a633,frunzenskij
"ЭПИГРАФ, частная школа",../../sredneobrazovatelnaya-shkola/epigraf-chastnaya-shkola/index.html,a654,frunzenskij
"№ 215, школа",../../sredneobrazovatelnaya-shkola/215-shkola/index.html,a609,frunzenskij
"№ 313, школа",../../sredneobrazovatelnaya-shkola/313-shkola/index.html,a627,frunzenskij
"№ 212, школа",../../sredneobrazovatelnaya-shkola/212-shkola/index.html,a607,frunzenskij
"№ 8, школа «МУЗЫКА» с углубленным изучением предметов музыкального цикла (музыкальный интернат)",../../hudozhestvenno-esteticheskoe-obrazovanie/8-shkola-muzyika-s-uglublennyim-izucheniem-predmetov-muzyikalnogo-tsikla-muzyikalnyij-internat/index.html,a603,frunzenskij
"№ 305, школа",../../sredneobrazovatelnaya-shkola/305-shkola/index.html,a623,frunzenskij
"№ 314, школа",../../sredneobrazovatelnaya-shkola/314-shkola/index.html,a628,frunzenskij
"№ 301, школа",../../sredneobrazovatelnaya-shkola/301-shkola/index.html,a620,frunzenskij
"№ 202, школа",../../sredneobrazovatelnaya-shkola/202-shkola/index.html,a605,frunzenskij
"№ 364, школа (кадетские классы)",../../voennoe-uchilische/364-shkola-kadetskie-klassyi/index.html,a636,frunzenskij
"№ 310, школа «СЛОВО»",../../sredneobrazovatelnaya-shkola/310-shkola-slovo/index.html,a624,frunzenskij
"№ 443, школа",../../sredneobrazovatelnaya-shkola/443-shkola/index.html,a642,frunzenskij
"№ 322, школа",../../sredneobrazovatelnaya-shkola/322-shkola/index.html,a631,frunzenskij
"№ 153, центр образования",../../sredneobrazovatelnaya-shkola/153-shkola/index.html,a661,frunzenskij
"№ 604, школа с углубленным изучением предметов художественно-эстетического цикла [ЗАКРЫТА]",../../hudozhestvenno-esteticheskoe-obrazovanie/604-shkola-s-uglublennyim-izucheniem-predmetov-hudozhestvenno-esteticheskogo-tsikla/index.html,a648,frunzenskij
"№ 376, школа [ЗАКРЫТА]",../../sredneobrazovatelnaya-shkola/376-shkola/index.html,a640,frunzenskij
"№ 659, школа [ЗАКРЫТА]",../../sredneobrazovatelnaya-shkola/659-shkola/index.html,a650,frunzenskij
"№ 647, национальная финская прогимназия для детей дошкольного и младшего школьного возраста «ТАЙМИ» [ЗАКРЫТА]",../../drugie-yazyiki/647-natsionalnaya-finskaya-progimnaziya-dlya-detej-doshkolnogo-i-mladshego-shkolnogo-vozrasta-tajmi/index.html,a649,frunzenskij
"№ 239, физико-математический лицей",../../matematika/239-fiziko-matematicheskij-litsej/index.html,a690,tsentralnyij
Санкт-Петербургский городской Дворец творчества юных (Аничков лицей),../../biologiya/anichkov-litsej/index.html,a730,tsentralnyij
"№ 214, лицей",../../biologiya/214-litsej/index.html,a687,tsentralnyij
"№ 155, гимназия с углубленным изучением французского языка",../../frantsuzskij-yazyik/155-gimnaziya-s-uglublennyim-izucheniem-frantsuzskogo-yazyika/index.html,a662,tsentralnyij
"№ 168, гимназия",../../inostrannyie-yazyiki/168-gimnaziya/index.html,a667,tsentralnyij
"№ 171, гимназия",../../frantsuzskij-yazyik/171-gimnaziya/index.html,a669,tsentralnyij
"№ 157, гимназия им. принцессы Е. М. Ольденбургской с углубленным изучением английского языка",../../anglijskij-yazyik/157-gimnaziya-im-printsessyi-e-m-oldenburgskoj-s-uglublennyim-izucheniem-anglijskogo-yazyika/index.html,a663,tsentralnyij
"№ 209, Павловская гимназия",../../sredneobrazovatelnaya-shkola/209-gimnaziya/index.html,a684,tsentralnyij
"№ 207, школа с углубленным изучением английского языка",../../anglijskij-yazyik/207-shkola-s-uglublennyim-izucheniem-anglijskogo-yazyika/index.html,a683,tsentralnyij
"№ 550, школа с углубленным изучением иностранных языков и информационных технологий",../../inostrannyie-yazyiki/550-shkola-s-uglublennyim-izucheniem-inostrannyih-yazyikov-i-informatsionnyih-tehnologij/index.html,a698,tsentralnyij
"Альма Матер, гимназия",../../sredneobrazovatelnaya-shkola/alma-mater-gimnaziya/index.html,a711,tsentralnyij
"№ 183, школа с углубленным изучением английского языка",../../anglijskij-yazyik/183-shkola-s-uglublennyim-izucheniem-anglijskogo-yazyika/index.html,a673,tsentralnyij
"№ 636, школа с углубленным изучением иностранных языков",../../inostrannyie-yazyiki/636-shkola-s-uglublennyim-izucheniem-inostrannyih-yazyikov/index.html,a701,tsentralnyij
Международная школа Герценовского университета (МШГУ),../../sredneobrazovatelnaya-shkola/mezhdunarodnaya-shkola-gertsenovskogo-universiteta/index.html,a705,tsentralnyij
"№ 185, школа с углубленным изучением английского языка",../../anglijskij-yazyik/185-shkola-s-uglublennyim-izucheniem-anglijskogo-yazyika/index.html,a674,tsentralnyij
"№ 166, гимназия",../../sredneobrazovatelnaya-shkola/166-gimnaziya/index.html,a665,tsentralnyij
"№ 169, школа с углубленным изучением английского языка",../../anglijskij-yazyik/169-shkola-s-uglublennyim-izucheniem-anglijskogo-yazyika/index.html,a668,tsentralnyij
Российская гимназия при Государственном Русском музее,../../inostrannyie-yazyiki/rossijskaya-gimnaziya-pri-gosudarstvennom-russkom-muzee/index.html,a658,tsentralnyij
"№ 197, школа с углубленным изучением предметов естественнонаучного цикла",../../biologiya/197-shkola-s-uglublennyim-izucheniem-predmetov-estestvenno-nauchnogo-tsikla/index.html,a679,tsentralnyij
"№ 210, школа",../../sredneobrazovatelnaya-shkola/210-shkola/index.html,a685,tsentralnyij
Экономический лицей Международного банковского института (МБИ),../../drugoe/ekonomicheskij-litsej-mezhdunarodnogo-bankovskogo-instituta-mbi/index.html,a808,tsentralnyij
"№ 222, школа «ПЕТРИШУЛЕ» с углубленным изучением немецкого языка",../../inostrannyie-yazyiki/222-shkola-petrishule-s-uglublennyim-izucheniem-nemetskogo-yazyika/index.html,a689,tsentralnyij
"№ 190, художественно-эстетический лицей",../../hudozhestvenno-esteticheskoe-obrazovanie/190-hudozhestvenno-esteticheskij-litsej/index.html,a676,tsentralnyij
"№ 211, школа им. Пьера де Кубертена с углубленным изучением французского языка",../../frantsuzskij-yazyik/211-shkola-im-pera-de-kubertena-s-uglublennyim-izucheniem-frantsuzskogo-yazyika/index.html,a686,tsentralnyij
"№ 308, школа с углубленным изучением математики",../../matematika/308-shkola-s-uglublennyim-izucheniem-matematiki/index.html,a694,tsentralnyij
"№ 204, школа с углубленным изучением английского и финского языков",../../anglijskij-yazyik/204-shkola-s-uglublennyim-izucheniem-anglijskogo-i-finskogo-yazyikov/index.html,a681,tsentralnyij
Музыкальный лицей Комитета по культуре,../../hudozhestvenno-esteticheskoe-obrazovanie/muzyikalnyij-litsej-komiteta-po-kulture/index.html,a656,tsentralnyij
"№ 309, школа",../../sredneobrazovatelnaya-shkola/309-shkola/index.html,a695,tsentralnyij
"№ 163, школа",../../sredneobrazovatelnaya-shkola/163-shkola/index.html,a664,tsentralnyij
Обучение в диалоге,../../sredneobrazovatelnaya-shkola/obuchenie-v-dialoge/index.html,a704,tsentralnyij
"№ 206, школа",../../sredneobrazovatelnaya-shkola/206-shkola/index.html,a682,tsentralnyij
"№ 321, школа",../../sredneobrazovatelnaya-shkola/321-shkola/index.html,a697,tsentralnyij
"Экспресс, школа экстернат",../../sredneobrazovatelnaya-shkola/ekspress-srednyaya-obscheobrazovatelnaya-shkola/index.html,a703,tsentralnyij
"№ 612, школа",../../sredneobrazovatelnaya-shkola/612-shkola/index.html,a699,tsentralnyij
"№ 181, школа",../../sredneobrazovatelnaya-shkola/181-shkola/index.html,a672,tsentralnyij
"№ 167, школа",../../himiya/167-shkola/index.html,a666,tsentralnyij
"ТУТТИ, школа с углубленным изучением предметов музыкального цикла",../../hudozhestvenno-esteticheskoe-obrazovanie/tutti-shkola-s-uglublennyim-izucheniem-predmetov-muzyikalnogo-tsikla/index.html,a657,tsentralnyij
"Мирт, частная школа",../../sredneobrazovatelnaya-shkola/mirt/index.html,a708,tsentralnyij
"№ 189, школа «ШАНС»",../../sredneobrazovatelnaya-shkola/189-shkola-shans/index.html,a675,tsentralnyij
"№ 304, школа",../../sredneobrazovatelnaya-shkola/304-shkola/index.html,a693,tsentralnyij
"№ 153, школа",../../sredneobrazovatelnaya-shkola/-153-shkola/index.html,a818,tsentralnyij
"№ 178, школа",../../sredneobrazovatelnaya-shkola/178-shkola/index.html,a671,tsentralnyij
"№ 193, школа",../../sredneobrazovatelnaya-shkola/193-shkola/index.html,a677,tsentralnyij
Санкт-Петербургский технический колледж управления и коммерции (ТКУиК),../../drugoe/sankt-peterburgskij-tehnicheskij-kolledzh-upravleniya-i-kommertsii-tkuik/index.html,a743,tsentralnyij
"№ 294, школа",../../sredneobrazovatelnaya-shkola/294-shkola/index.html,a691,tsentralnyij
"№ 174, школа",../../sredneobrazovatelnaya-shkola/174-shkola/index.html,a670,tsentralnyij
"№ 122, школа",../../sredneobrazovatelnaya-shkola/122-shkola/index.html,a660,tsentralnyij
"№ 80, центр образования",../../drugoe/80-tsentr-obrazovaniya/index.html,a659,tsentralnyij
"№ 216, школа им. А. Мицкевича с углубленным изучением польского языка",../../drugie-yazyiki/216-shkola-im-a-mitskevicha-s-uglublennyim-izucheniem-polskogo-yazyika/index.html,a688,tsentralnyij
"№ 300, начальная общеобразовательная школа",../../nachalnaya-shkola/300-nachalnaya-obscheobrazovatelnaya-shkola/index.html,a692,tsentralnyij
"№ 620, начальная школа - детский сад",../../nachalnaya-shkola/620-nachalnaya-shkola-detskij-sad/index.html,a700,tsentralnyij
"ПЕТЕРБУРГСКИЙ СТАНДАРТ, частная школа",../../sredneobrazovatelnaya-shkola/peterburgskij-standart-chastnaya-shkola/index.html,a702,tsentralnyij
"УНИСОН, школа",../../sredneobrazovatelnaya-shkola/unison-shkola/index.html,a706,tsentralnyij
Гимназия СТЕРХ,../../sredneobrazovatelnaya-shkola/gimnaziya-sterh/index.html,a707,tsentralnyij
ШКОЛА ГЕРЦЕНОВСКОГО УНИВЕРСИТЕТА (ШГУ),../../sredneobrazovatelnaya-shkola/shkola-gertsenovskogo-universiteta/index.html,a710,tsentralnyij
"БАЛТИКА-КОЛЛЕДЖ, частная школа",../../sredneobrazovatelnaya-shkola/baltika-kolledzh-chastnaya-shkola/index.html,a712,tsentralnyij
"INSIGHT SCHOOL, начальная школа",../../nachalnaya-shkola/insight-school-nachalnaya-shkola/index.html,a714,tsentralnyij
"№ 5, коррекционная школа VII вида",../../deti-s-osobennostyami-razvitiya/5-korrektsionnaya-shkola-vii-vida/index.html,a778,tsentralnyij
